source,source_line,translation,translation_line,source_sha256,translation_sha256
README.md,1,README.zh-CN.md,52,7a2656cd7dd184b50d05cdfa00d97910a5267c47555c38eb842a46e32b9042ce,7a2656cd7dd184b50d05cdfa00d97910a5267c47555c38eb842a46e32b9042ce
README.md,2,README.zh-CN.md,53,e3b0c44298fc1c149afbf4c8996fb92427ae41e4649b934ca495991b7852b855,e3b0c44298fc1c149afbf4c8996fb92427ae41e4649b934ca495991b7852b855
README.md,3,README.zh-CN.md,54,ef33233b0eac29d8e7b4e7b503d434d3edce41d6db93d233d0bf5a5c6edc4764,da583cb18d5b94b345601100a6874b6c38519e68cfb0c4be3fcb828db8d6dce7
README.md,4,README.zh-CN.md,55,e3b0c44298fc1c149afbf4c8996fb92427ae41e4649b934ca495991b7852b855,e3b0c44298fc1c149afbf4c8996fb92427ae41e4649b934ca495991b7852b855
README.md,5,README.zh-CN.md,56,31ab8384b003e98f9222b2a4bc2fe2a7ba5669a306cd689b74c6980aee7727f0,a4526d8b86a8d21121667a5ce9bd2fe2a4de25959747284d3e6946a4093fe1b0
README.md,6,README.zh-CN.md,57,e3b0c44298fc1c149afbf4c8996fb92427ae41e4649b934ca495991b7852b855,e3b0c44298fc1c149afbf4c8996fb92427ae41e4649b934ca495991b7852b855
README.md,7,README.zh-CN.md,58,628a2476b640cbdd51e576fd25a23d5ce7eb19450d9fdd3263eb26e2f030af8b,de6ba0a6cd1a7af8fb309e6b581df24282f50c9cc7cc1b3973f139f54450f23c
README.md,8,README.zh-CN.md,59,019b780e0e42064f14f5ade107c0dd0543cfcefe6cd9f0c09eee7c9bc4fa6fd0,4afde9c0c8f0eff630b48b450088d22f88aa87b678c22b97cd85125933976402
README.md,9,README.zh-CN.md,60,bc8e98799ec46412914d2ac890890c37da6f0bdd46e276449d725b92f0ae2674,6b351852ec5e837d88ca0333f23098f6ea28a2cc6520a2dfdc7d0a17cc20ed0d
README.md,10,README.zh-CN.md,61,23de8918e1250bb4bcf061d0c3406b65cc9165a89558bec11213d6c23a0b5b60,1432fa3a6be323952f3635bf9af0ea927f7b1791ce33f07fb970028736845fbf
README.md,11,README.zh-CN.md,62,5dcc9fe88202f31998ce7ebfa65009729c10f513af0d28f4ef79c3bbd4562c1a,dbbd61d13baaff6dd0f56827c8939ed3998512a2daa9b9e219360dd2039ff6fc
README.md,12,README.zh-CN.md,63,e8f84939b2f6516c6f7ced87ce48b066c32dc0731623ca62a63121a811d37d47,5dec3ae0dd82dd27fc368e06c4aca55b01825ac6ef0a3ba4a648fc9a8d1ae2a2
README.md,13,README.zh-CN.md,64,afa8e040f37ce119041211640de666eeff4fe8439284591a0515fb2b10acb386,d649fe303b9cf5f1f41e06ae07293d06f806102929efce3bd75549b37d446719
README.md,14,README.zh-CN.md,65,31b1a1618bef9431738f0281ad1cf2644cc5b7d4f1506ec5d7781067023ec82a,c4ad7bfaeeeac6def90e3ecfd1e617cc6a54747522bf28e7484fe291625c2723
README.md,15,README.zh-CN.md,66,e3b0c44298fc1c149afbf4c8996fb92427ae41e4649b934ca495991b7852b855,e3b0c44298fc1c149afbf4c8996fb92427ae41e4649b934ca495991b7852b855
README.md,16,README.zh-CN.md,67,06cf88ea9589ba99463e68eb704dac9816dd8000392185df618e7926c85c93c1,9c770a9655293355b8080c33ebb856fcd12315685b488462a34b95119e2e0f77
README.md,17,README.zh-CN.md,68,e3b0c44298fc1c149afbf4c8996fb92427ae41e4649b934ca495991b7852b855,e3b0c44298fc1c149afbf4c8996fb92427ae41e4649b934ca495991b7852b855
README.md,18,README.zh-CN.md,69,776eac12061c0d919af8e160e4377ebaf06040f2cddc75794af70e9fb8b5d1f6,080fed19cd70666e772065c08c3af122ff7c8a055192a16d8cc1110c8c342020
README.md,19,README.zh-CN.md,70,422a19dfdbe7a14bec1557c267a0331022e9e0717e6c09c7ef8ab04c68c93295,f7718e8611b46a901c6e599f5869be0af5c87c21dc07173d9203a24df1aa9b80
README.md,20,README.zh-CN.md,71,6c51534f214c8704716a13f5ac617add1c4172734d79167e8fa3adcf49f74e2e,c605537807ff8728fda5172c55bea4506f8bd3571bbd36fbef2f98f971b5b76a
README.md,21,README.zh-CN.md,72,6bd1d038a8f36e3bdb0a6872a47736a9fb2d0c5896eabccf5f3e7d6a4fb4b832,50cfc9883a385790a83b2659db79f9e695fb6ff0ae3c76992618653ca030e179
README.md,22,README.zh-CN.md,73,d361b047015be6d87dff6cee81ef55605f7d3fb573ef18603983a5e53b27f361,dd63b4cad421576e7b10e618ef29ceed67b4ef982ccd528475fc08888592ec70
README.md,23,README.zh-CN.md,74,850e3af3c5b3619d33da448875846cb69d2a2cc96298eca5f668f470555c5151,72c8ec9bbf37aad8d7f5c5e06f94235ef780e0c326ee8173c218e398272edb46
README.md,24,README.zh-CN.md,75,e3b0c44298fc1c149afbf4c8996fb92427ae41e4649b934ca495991b7852b855,e3b0c44298fc1c149afbf4c8996fb92427ae41e4649b934ca495991b7852b855
README.md,25,README.zh-CN.md,76,9f10cd20f9d0a1577abb4275492210455e3dd6c21084783c1a967ebeb6b00d1a,8b5593506644b413fe641f531839054cd3bff367a82848a35b0bdc49fb48e8ae
README.md,26,README.zh-CN.md,77,e3b0c44298fc1c149afbf4c8996fb92427ae41e4649b934ca495991b7852b855,e3b0c44298fc1c149afbf4c8996fb92427ae41e4649b934ca495991b7852b855
README.md,27,README.zh-CN.md,78,e7cb0c1e05e5a98433ec88abf0a4efe7a56b38c9e5461517f0132cd62ddac8b6,446d7de10d9b766cc4e0e3090419d82f29e42a4ed50b393abcce667a9843ba15
README.md,28,README.zh-CN.md,79,e3b0c44298fc1c149afbf4c8996fb92427ae41e4649b934ca495991b7852b855,e3b0c44298fc1c149afbf4c8996fb92427ae41e4649b934ca495991b7852b855
README.md,29,README.zh-CN.md,80,1ab8b509e0fe148b8c428e292d04d5f8b3fb7acac3fce228fca89495886509d9,c5295d9510d025f55b6e53dffd7c0eadb040c0feb00c9c5aeb8f9ba7528db188
README.md,30,README.zh-CN.md,81,e3b0c44298fc1c149afbf4c8996fb92427ae41e4649b934ca495991b7852b855,e3b0c44298fc1c149afbf4c8996fb92427ae41e4649b934ca495991b7852b855
README.md,31,README.zh-CN.md,82,f1b901847390b0ed7e374e7c1e464ec17b46a427c487a5ad6cbd2906405083d5,f1b901847390b0ed7e374e7c1e464ec17b46a427c487a5ad6cbd2906405083d5
README.md,32,README.zh-CN.md,83,1712cccb4d62c6595a5362df8530390687a30f6ae356fe5c0f97a8bcc7b3cbbc,1712cccb4d62c6595a5362df8530390687a30f6ae356fe5c0f97a8bcc7b3cbbc
README.md,33,README.zh-CN.md,84,965bbcd058c1ca87df5853b7a79849e923e290662afde918cf7ea3467fc8b2d2,c90cee556f8d3d53fef820fee02a784e9171909a77c4d79d6a958f5ededbe78c
README.md,34,README.zh-CN.md,85,2e84c041fbaa8cb0fc2082b4d9759a094ad2493eee07b73a497d2c0b552a5782,2e84c041fbaa8cb0fc2082b4d9759a094ad2493eee07b73a497d2c0b552a5782
README.md,35,README.zh-CN.md,86,def92e590c44aa7be129a2039436b4172cb7bccc5d4ad5197c7c014e0f25efb3,77385b1755780675e6bd9740f1a0aef580cbba6a0226691196ebd50f69218620
README.md,36,README.zh-CN.md,87,abe842b54db966d916d5f4b7aad1a70354b05ca212f5460d91cf223c666937c2,845cd76b68a5fbb4191367c92c5b8381e428616fb3cf18d0b9f9a487a3bea3ca
README.md,37,README.zh-CN.md,88,daec63b9389dd677217a4673fd7ef4bc22f69d7dfc538a6edb06406f3176a61e,daec63b9389dd677217a4673fd7ef4bc22f69d7dfc538a6edb06406f3176a61e
README.md,38,README.zh-CN.md,89,07cb045c7e2496112b43053b36b14b0ff0fed04992ed42af76a2d29a875b28d4,958f55a3b915ff33c4eeb06330d465f196623d61b097c8fde03a00556ba9ff99
README.md,39,README.zh-CN.md,90,2303a0742242b9bc1e36052b091a017709927f43d6055a23f2c0a91e369ae65f,ec674410a13dbba25df2aa43ea19f91a858f8d7ab8802dbc83aaa2d1dabdd187
README.md,40,README.zh-CN.md,91,2b430123b90f6ee7082651d25a3719154190a25f7f967b66a71f2f8f7524b3f2,cd1b953a2bfd2298f70855b838d01e379b20be857aef6024c172d638f12d8f34
README.md,41,README.zh-CN.md,92,240e7ab99b47e844a0c80bfeaadfb4492ff32e52851bfdeda5385d9318ed7c15,2f493d13069cc41d16eca8d94b897c6bd4baa2a283ff8bb5935f4ed2acf9f8b3
README.md,42,README.zh-CN.md,93,2886bd5653f256d43abc342550a7f50835b7fb51b1ffb9e03b0094a86f144997,d61f04f0ece81fc3b0392c6dc3e30b0ecff9ff80ae8058efd7f093a0336cf253
README.md,43,README.zh-CN.md,94,f8dd737ea47b52a1aac089cba83dfeb5b15f55c7225cca919b15bfa4d3d13c3b,02a2e9ccf1ab788f6eee6403070a16f2b8e996e1ea6513cef1b163bf105ebce7
README.md,44,README.zh-CN.md,95,acb31c884a0513b97b199baf84cde06488d078bd259a07b2de96605ce849e467,82e764e9c3953e95d9961a51c34c71b5cd2255c5a8e0cb3e58e0632f6cac8931
README.md,45,README.zh-CN.md,96,eb76358751f73b68be8914613ec668af8676d6c261d15f4bee0f1e37ffb120bd,05d58ac8201f503cec6f7189a5ad686090beb8a2fb25b2ca4dd74e890d7398a2
README.md,46,README.zh-CN.md,97,e5178012a6ce089ae7b43e7054c1d7c79172476494e1662617f5327541403af3,b55d82fff74f6a33dacc7d79b6898d80dd8b49e1188883b94a918b3cb945b01d
README.md,47,README.zh-CN.md,98,1c2473a40bd679abdea438d8cd76e118af7ff08b5feecaef67c10032f77a7e3c,c8ae9a6f503b2a58acdf8a9a4fe1f4a9f8d604da4b4ab1648d975260eb60e045
README.md,48,README.zh-CN.md,99,7d6405bc702c57665cae550f8a83531d422de32996891c89655d17360ff7845e,26cc9439f3945bc79f3b963fb4a9a8e31fe9304dbc2624fb96ae8fc4542f5ec0
README.md,49,README.zh-CN.md,100,1209c059e1dde688d6518e32b37eb68722dd8a5f641e699c2582f6ce1767e8b5,1209c059e1dde688d6518e32b37eb68722dd8a5f641e699c2582f6ce1767e8b5
README.md,50,README.zh-CN.md,101,6aba78b1f3e09feb9b85b495872b514a147b160dcc80cc89455a017e1a8e89a3,94933b5602c2a2936271e0b95d9e76dac3db2cfd56f885dd52187b2ff75bc672
README.md,51,README.zh-CN.md,102,5fce269e5a774de2a9dc0747040b836dec816fc4135ce9e884a9daff325200f6,202205425e9fe5511054de860df15d7cc3d59e679500ec53223e2de6d22fe795
README.md,52,README.zh-CN.md,103,323929c58f71b6d7e393e965e734572dbeea4fc8c85771fe717ef328c58eb205,70aeb2b4a1c59cd7001d3fc71a71d5a42ed2c8690c31ece96c79fc1f693802c7
README.md,53,README.zh-CN.md,104,2f21a9b6eb73b1a11bf00b889485ecde42125d7c0144ac42bbba69d6b03929bd,5d1f46b708a0f99a8b1a5421e5ca5c2113197968519da6c38f2e1c2ac76bc2b7
README.md,54,README.zh-CN.md,105,f1b901847390b0ed7e374e7c1e464ec17b46a427c487a5ad6cbd2906405083d5,f1b901847390b0ed7e374e7c1e464ec17b46a427c487a5ad6cbd2906405083d5
README.md,55,README.zh-CN.md,106,e3b0c44298fc1c149afbf4c8996fb92427ae41e4649b934ca495991b7852b855,e3b0c44298fc1c149afbf4c8996fb92427ae41e4649b934ca495991b7852b855
README.md,56,README.zh-CN.md,107,98c33b0a0714844bad6972d051eedd1e73f97f3000fc1dfce03d5d00c160fee0,da91e6e7c5f87bc71b7eeca2561293a248240b7977c9565372b86169131176e0
README.md,57,README.zh-CN.md,108,e3b0c44298fc1c149afbf4c8996fb92427ae41e4649b934ca495991b7852b855,e3b0c44298fc1c149afbf4c8996fb92427ae41e4649b934ca495991b7852b855
README.md,58,README.zh-CN.md,109,1da722c3720ba5f0ca4d914b37c52a3f47afaa45135bffbf4c4c9286eed6b7b9,c825343c348f1dc96ddaf3240cf81377a81a3c040923cb5b94b86694c04cba8a
README.md,59,README.zh-CN.md,110,0ea55dec99ec07635f51d8696046e550e44d61c0e8dad34f07a3c1ad8dc502c2,c14ec1d296514eb8f5ed710ef3a2ef4a16731992cd6ae8de967adb0008ebf43a
README.md,60,README.zh-CN.md,111,e3b0c44298fc1c149afbf4c8996fb92427ae41e4649b934ca495991b7852b855,e3b0c44298fc1c149afbf4c8996fb92427ae41e4649b934ca495991b7852b855
README.md,61,README.zh-CN.md,112,9535b10be9abb7a87788c3f5107c21822734a4507aeb464f8710fb8c4866b965,37665fe48339b410cc0b717c2ff8d4d65afdd1a07f8aa8f7d73dd6c115e64135
README.md,62,README.zh-CN.md,113,e3b0c44298fc1c149afbf4c8996fb92427ae41e4649b934ca495991b7852b855,e3b0c44298fc1c149afbf4c8996fb92427ae41e4649b934ca495991b7852b855
README.md,63,README.zh-CN.md,114,fdba7503e209ed02d363a9aebac7bf91e7b659fc7c9ad8b4fdc717bc8b13634b,350feee41cd72a59a95835a9ac892a3c86783b394dda3f76311bf5cc63b63178
README.md,64,README.zh-CN.md,115,e3b0c44298fc1c149afbf4c8996fb92427ae41e4649b934ca495991b7852b855,e3b0c44298fc1c149afbf4c8996fb92427ae41e4649b934ca495991b7852b855
README.md,65,README.zh-CN.md,116,add5d1c60411923c5a3ec70b5f467040628f11988fe59627b52a4f73feca58ee,add5d1c60411923c5a3ec70b5f467040628f11988fe59627b52a4f73feca58ee
README.md,66,README.zh-CN.md,117,829d7bdea12fdfbfec8080773ddc833be3fc93a394f82cb9274837fb753381a6,829d7bdea12fdfbfec8080773ddc833be3fc93a394f82cb9274837fb753381a6
README.md,67,README.zh-CN.md,118,f1b901847390b0ed7e374e7c1e464ec17b46a427c487a5ad6cbd2906405083d5,f1b901847390b0ed7e374e7c1e464ec17b46a427c487a5ad6cbd2906405083d5
README.md,68,README.zh-CN.md,119,e3b0c44298fc1c149afbf4c8996fb92427ae41e4649b934ca495991b7852b855,e3b0c44298fc1c149afbf4c8996fb92427ae41e4649b934ca495991b7852b855
README.md,69,README.zh-CN.md,120,618b1176ea8c95738fef4f03eca1e2838e21e5c340d56df1754268961c0fb684,47419046093ad53de1353e2916b542cefcd3a69dcbaeb15d8f8aee8ef2e4d298
README.md,70,README.zh-CN.md,121,e3b0c44298fc1c149afbf4c8996fb92427ae41e4649b934ca495991b7852b855,e3b0c44298fc1c149afbf4c8996fb92427ae41e4649b934ca495991b7852b855
README.md,71,README.zh-CN.md,122,ad332335cfaa348c5bd715c3479844622270d5f7389ae070b81b135d521a221a,ad332335cfaa348c5bd715c3479844622270d5f7389ae070b81b135d521a221a
README.md,72,README.zh-CN.md,123,6c03db108c03ee9399cb2ebb532757b3b2c69132d047575d51e61f128e7993d8,6c03db108c03ee9399cb2ebb532757b3b2c69132d047575d51e61f128e7993d8
README.md,73,README.zh-CN.md,124,f1b901847390b0ed7e374e7c1e464ec17b46a427c487a5ad6cbd2906405083d5,f1b901847390b0ed7e374e7c1e464ec17b46a427c487a5ad6cbd2906405083d5
README.md,74,README.zh-CN.md,125,e3b0c44298fc1c149afbf4c8996fb92427ae41e4649b934ca495991b7852b855,e3b0c44298fc1c149afbf4c8996fb92427ae41e4649b934ca495991b7852b855
README.md,75,README.zh-CN.md,126,ea16cad7d497ecf48d9e81f89054182e3aebdb579b021e506825b81832854981,d5bdd55476ba0d268a8cef16285f0309d7763de02b7bedf4557ddf6374324924
README.md,76,README.zh-CN.md,127,e3b0c44298fc1c149afbf4c8996fb92427ae41e4649b934ca495991b7852b855,e3b0c44298fc1c149afbf4c8996fb92427ae41e4649b934ca495991b7852b855
README.md,77,README.zh-CN.md,128,7a9bf4ba1edc55993403314a9570a8122536cc10a459cd1b1d95597b319518e6,808144ec7f35c05451916df9eb8d3f9fdd0fd7c26c2c95e7bfa907578697b57f
README.md,78,README.zh-CN.md,129,e3b0c44298fc1c149afbf4c8996fb92427ae41e4649b934ca495991b7852b855,e3b0c44298fc1c149afbf4c8996fb92427ae41e4649b934ca495991b7852b855
README.md,79,README.zh-CN.md,130,49fa7faf587a3112cf4fcadb87df02a496c4a646fc6a7551002eb41f2e138204,b2c9ee62184c2414c36132dec7531a16752a3070872b329679d5373a24bd2657
README.md,80,README.zh-CN.md,131,e3b0c44298fc1c149afbf4c8996fb92427ae41e4649b934ca495991b7852b855,e3b0c44298fc1c149afbf4c8996fb92427ae41e4649b934ca495991b7852b855
README.md,81,README.zh-CN.md,132,7165b518eff15146774402d73c72e79717595e566c212960652a9a9c1eb879ce,8904ad570b617a3c8d302b67fe356b434f2b7c6267c1590f2c93f6ac6260c312
README.md,82,README.zh-CN.md,133,e3b0c44298fc1c149afbf4c8996fb92427ae41e4649b934ca495991b7852b855,e3b0c44298fc1c149afbf4c8996fb92427ae41e4649b934ca495991b7852b855
README.md,83,README.zh-CN.md,134,331c1cf6ca589652a382ef360f06c04d1333722d6fffaf872d6af5f473ae8002,7b1e0564ef72d6f0b68f92ed669f0de0052b16977b6a24bbe1b430810f589e06
README.md,84,README.zh-CN.md,135,e3b0c44298fc1c149afbf4c8996fb92427ae41e4649b934ca495991b7852b855,e3b0c44298fc1c149afbf4c8996fb92427ae41e4649b934ca495991b7852b855
README.md,85,README.zh-CN.md,136,6c549a56db01e021f248d8da78289a3197d3db86fe0d36d33381d0dfc711e8bc,97d9872613346e442575543cb2a7d67a279e205b40c210ff3ff2a255c2d4270c
README.md,86,README.zh-CN.md,137,e3b0c44298fc1c149afbf4c8996fb92427ae41e4649b934ca495991b7852b855,e3b0c44298fc1c149afbf4c8996fb92427ae41e4649b934ca495991b7852b855
README.md,87,README.zh-CN.md,138,647785cc823b03b0e0cc603fd98e0ace26c721fa9dbf9ec3ff81e15139c5bf8a,8a592a816520b131aedad2110974056f63da95bbb84d07ff7a1efed3f49bbb5a
SKILL.md,1,SKILL.zh-CN.md,49,cb3f91d54eee30e53e35b2b99905f70f169ed549fd78909d3dac2defc9ed8d3b,cb3f91d54eee30e53e35b2b99905f70f169ed549fd78909d3dac2defc9ed8d3b
SKILL.md,2,SKILL.zh-CN.md,50,bfcb11633e7e97695d54ff1a39ed005f6ed50ca061a2c024c544850d11639d38,bfcb11633e7e97695d54ff1a39ed005f6ed50ca061a2c024c544850d11639d38
SKILL.md,3,SKILL.zh-CN.md,51,616f094d5462ac8f0e0b7a8287c686873c572db7d2d1b316ffcf378544d89449,e4ab4cb1ce6263d092922511cab20b2119c8f583dbc3cd0eb4bcd98ee343aa6b
SKILL.md,4,SKILL.zh-CN.md,52,cb3f91d54eee30e53e35b2b99905f70f169ed549fd78909d3dac2defc9ed8d3b,cb3f91d54eee30e53e35b2b99905f70f169ed549fd78909d3dac2defc9ed8d3b
SKILL.md,5,SKILL.zh-CN.md,53,e3b0c44298fc1c149afbf4c8996fb92427ae41e4649b934ca495991b7852b855,e3b0c44298fc1c149afbf4c8996fb92427ae41e4649b934ca495991b7852b855
SKILL.md,6,SKILL.zh-CN.md,54,6433d06d5dbb249c25fd59e30594affd04429e2b7930d3bd0e43559a1e53d470,fc9e77e094fcab746e293123a9d30c9ab997603e43eb32ad19c253ff529fe7b3
SKILL.md,7,SKILL.zh-CN.md,55,e3b0c44298fc1c149afbf4c8996fb92427ae41e4649b934ca495991b7852b855,e3b0c44298fc1c149afbf4c8996fb92427ae41e4649b934ca495991b7852b855
SKILL.md,8,SKILL.zh-CN.md,56,3b2a83dc07e3ef94c47fb4c31a02fb5320bffaf652408ce807bcf1b560ba3fd6,f8ca6d736c00bf59cb3983c64070d7c18565bd21e420d9cc07550406caa3292c
SKILL.md,9,SKILL.zh-CN.md,57,e3b0c44298fc1c149afbf4c8996fb92427ae41e4649b934ca495991b7852b855,e3b0c44298fc1c149afbf4c8996fb92427ae41e4649b934ca495991b7852b855
SKILL.md,10,SKILL.zh-CN.md,58,1f1aae0d8c58daef2138e1efc501d15722a5003d96fb784fde5736b07564900e,1f1aae0d8c58daef2138e1efc501d15722a5003d96fb784fde5736b07564900e
SKILL.md,11,SKILL.zh-CN.md,59,e3b0c44298fc1c149afbf4c8996fb92427ae41e4649b934ca495991b7852b855,e3b0c44298fc1c149afbf4c8996fb92427ae41e4649b934ca495991b7852b855
SKILL.md,12,SKILL.zh-CN.md,60,1c310648a663c1c295745c12f8ad67367c8ff7645ea2dd68764aba95815ed135,c3c75dc26f9719d9f05df00e78fe3bc59cd0ab16520efe71f0fb79c28e4f92fe
SKILL.md,13,SKILL.zh-CN.md,61,90ab9a5ae4b3a633893de66ad3f63771b019f7e8a0cc999a34848918088a13a6,90ab9a5ae4b3a633893de66ad3f63771b019f7e8a0cc999a34848918088a13a6
SKILL.md,14,SKILL.zh-CN.md,62,a46e24c25de405815204146928ae66562d7cd74151cf7bd5b659ed0ae15baa08,a46e24c25de405815204146928ae66562d7cd74151cf7bd5b659ed0ae15baa08
SKILL.md,15,SKILL.zh-CN.md,63,ecfe184012da185d0f4fea6c9507271e00d95a3c5240271396c7d25270a0d5eb,0f3e0988b724016e374bb040b18e975b3461a1dfcad6d452b25adb5429383b5e
SKILL.md,16,SKILL.zh-CN.md,64,c3b39a161a114e31c05e92799093d0fe0b57077eeb26576cc78d153de413bec9,c3b39a161a114e31c05e92799093d0fe0b57077eeb26576cc78d153de413bec9
SKILL.md,17,SKILL.zh-CN.md,65,c3fbb2bc6920a613182fa58dfbb40da1de46ac87fa3c2e2017b9d08178970550,c3fbb2bc6920a613182fa58dfbb40da1de46ac87fa3c2e2017b9d08178970550
SKILL.md,18,SKILL.zh-CN.md,66,e3b0c44298fc1c149afbf4c8996fb92427ae41e4649b934ca495991b7852b855,e3b0c44298fc1c149afbf4c8996fb92427ae41e4649b934ca495991b7852b855
SKILL.md,19,SKILL.zh-CN.md,67,1d71c0df1a3aaf2a0942586ba58c3f9f1023b649027746b141dca7be6e734adb,1d71c0df1a3aaf2a0942586ba58c3f9f1023b649027746b141dca7be6e734adb
SKILL.md,20,SKILL.zh-CN.md,68,e3b0c44298fc1c149afbf4c8996fb92427ae41e4649b934ca495991b7852b855,e3b0c44298fc1c149afbf4c8996fb92427ae41e4649b934ca495991b7852b855
SKILL.md,21,SKILL.zh-CN.md,69,071b92997dd9818a5914c33bfd87e6a2f6ae432a6a6666e6515914b013c1c01a,ef2a3fd17c32cdcc6aed7e55d87a1910283f15edaf4df307b53d15706aebda78
SKILL.md,22,SKILL.zh-CN.md,70,e2206ad61939ad3729cd2c57d32da52cd149c5fd01d67928a698aeca788424e7,255bae856ad3a9f016fd9e17520c99696ec64a3568870a70e5c211867d4b540a
SKILL.md,23,SKILL.zh-CN.md,71,cece6e7df0565a1b876f3abec4e91705e6c5991e1a72b04382e8cebbe4d1eb5a,cece6e7df0565a1b876f3abec4e91705e6c5991e1a72b04382e8cebbe4d1eb5a
SKILL.md,24,SKILL.zh-CN.md,72,2b4e3eb54a43f51347b7c0f8c2af83999c4519317d330037ee786265bebbaa1c,2e8054f40e1c833d21b6729cac8f1ac00607ba528097756d387baee8a8a8754a
SKILL.md,25,SKILL.zh-CN.md,73,4b3852a0438e9fe153588e0e366282159fd4dd33a201177c4f87d43c5dbe7071,1ca531ef9c4288f5573e6ee07f3aba6953390a60586c11663f94bba4299c8d05
SKILL.md,26,SKILL.zh-CN.md,74,b5f3b3e05fca4fbf954cbdb95ffe8aab2c4afdc57635bfa4500798185ca636f0,b5f3b3e05fca4fbf954cbdb95ffe8aab2c4afdc57635bfa4500798185ca636f0
SKILL.md,27,SKILL.zh-CN.md,75,e3b0c44298fc1c149afbf4c8996fb92427ae41e4649b934ca495991b7852b855,e3b0c44298fc1c149afbf4c8996fb92427ae41e4649b934ca495991b7852b855
SKILL.md,28,SKILL.zh-CN.md,76,e4898a03df54962bb24ce09c03a56368756cf127152c57481fb3ae00f75c4147,e4898a03df54962bb24ce09c03a56368756cf127152c57481fb3ae00f75c4147
SKILL.md,29,SKILL.zh-CN.md,77,e3b0c44298fc1c149afbf4c8996fb92427ae41e4649b934ca495991b7852b855,e3b0c44298fc1c149afbf4c8996fb92427ae41e4649b934ca495991b7852b855
SKILL.md,30,SKILL.zh-CN.md,78,7cc7c99d31c6a8ee10412f2d6f0460c5e29a0d3dcd4d3fb620c0d969efd259cc,7cc7c99d31c6a8ee10412f2d6f0460c5e29a0d3dcd4d3fb620c0d969efd259cc
SKILL.md,31,SKILL.zh-CN.md,79,e3b0c44298fc1c149afbf4c8996fb92427ae41e4649b934ca495991b7852b855,e3b0c44298fc1c149afbf4c8996fb92427ae41e4649b934ca495991b7852b855
SKILL.md,32,SKILL.zh-CN.md,80,3dcc518db098aa061be72b64a024ceec13f055dc60df2c4566465ed03d349d2a,3dcc518db098aa061be72b64a024ceec13f055dc60df2c4566465ed03d349d2a
SKILL.md,33,SKILL.zh-CN.md,81,ef12670d1bb5151abe6107b6814858342db1f6f50c303f8b44f9d7029eedbf23,71697d893432c9f3abf49df6d013c5223b6d61b8ac00ca405c6c62976cf7541d
SKILL.md,34,SKILL.zh-CN.md,82,43c20335bdf4d48fb7744e557fb98733dfebe0255d136e9e4e0973fcfabf4ee4,7339e38c9ee426d0c328f704f8259221c90318061b56b57700b7c2dff0883a0c
SKILL.md,35,SKILL.zh-CN.md,83,a70cab8f2c78ee7923eb94c8f28cabd241defa94c11bc3d6f41bef41f7cd9b5d,a70cab8f2c78ee7923eb94c8f28cabd241defa94c11bc3d6f41bef41f7cd9b5d
SKILL.md,36,SKILL.zh-CN.md,84,86c9582ac9f235f81b578e7888aba2643bff0eaf2322e15ae22981274f04e08d,86c9582ac9f235f81b578e7888aba2643bff0eaf2322e15ae22981274f04e08d
SKILL.md,37,SKILL.zh-CN.md,85,e3b0c44298fc1c149afbf4c8996fb92427ae41e4649b934ca495991b7852b855,e3b0c44298fc1c149afbf4c8996fb92427ae41e4649b934ca495991b7852b855
SKILL.md,38,SKILL.zh-CN.md,86,ec7de788cffea2f8d0e95f06fc353ffbe797bdb65a497de4ccce323cd8ab18ab,ec7de788cffea2f8d0e95f06fc353ffbe797bdb65a497de4ccce323cd8ab18ab
SKILL.md,39,SKILL.zh-CN.md,87,c36163b9858a63080e6b917516fa9fa5fff9b5f97a9c7bc7b8b2f62e882d66ab,f89e194604e6c271370ea432265259d52e6f938e8609a46c31bad29fff0e780d
SKILL.md,40,SKILL.zh-CN.md,88,e3b0c44298fc1c149afbf4c8996fb92427ae41e4649b934ca495991b7852b855,e3b0c44298fc1c149afbf4c8996fb92427ae41e4649b934ca495991b7852b855
SKILL.md,41,SKILL.zh-CN.md,89,2b422900e998e842553c89bb4dcf7353fd4878760dfe39572fcbac3506d55438,2b422900e998e842553c89bb4dcf7353fd4878760dfe39572fcbac3506d55438
SKILL.md,42,SKILL.zh-CN.md,90,49bdf7e209f3c106d71e90acd6e33f53f77ed33bddef4f68594df8d211ca11b3,525d81a7b94856dfaf0fb9cb55cad3dd6a3b02ba9769796c540ed7f4a9ead08c
SKILL.md,43,SKILL.zh-CN.md,91,e3b0c44298fc1c149afbf4c8996fb92427ae41e4649b934ca495991b7852b855,e3b0c44298fc1c149afbf4c8996fb92427ae41e4649b934ca495991b7852b855
SKILL.md,44,SKILL.zh-CN.md,92,4a567a159c0f95cbb984758593f3cd80f85c44b3f4ee03c72bb1cc7b9cd57cad,4a567a159c0f95cbb984758593f3cd80f85c44b3f4ee03c72bb1cc7b9cd57cad
SKILL.md,45,SKILL.zh-CN.md,93,e3b0c44298fc1c149afbf4c8996fb92427ae41e4649b934ca495991b7852b855,e3b0c44298fc1c149afbf4c8996fb92427ae41e4649b934ca495991b7852b855
SKILL.md,46,SKILL.zh-CN.md,94,40b00642ee562f4f2b3b6e4180ccbcf9af2dc79badb85d7f24520913578cbd6e,40b00642ee562f4f2b3b6e4180ccbcf9af2dc79badb85d7f24520913578cbd6e
SKILL.md,47,SKILL.zh-CN.md,95,fc47a2a8fcdb31def2a3ed544f5bd8cd63e46ecb7cae3f6dd073c62175cebf73,fc47a2a8fcdb31def2a3ed544f5bd8cd63e46ecb7cae3f6dd073c62175cebf73
SKILL.md,48,SKILL.zh-CN.md,96,53758c7375d0bbd38c1164aaa8f87812156a122accd0ba2b40fad36c8f82fe62,4d8118dffe842eee672b6b816050684f496841ed7b026e0a190cb07b14d6c8f5
SKILL.md,49,SKILL.zh-CN.md,97,e77ce24216744ee07e229c1ea156e552bba66d47e0569c3123b5f2e9199f6c84,9129f310649aba7b110b9e14251dfccdeaa25b4524bad31eded91ba52d288805
SKILL.md,50,SKILL.zh-CN.md,98,007dc1bf70950f61027daae0cfe205ba626adc3f54048d304f304de9be9bebc3,007dc1bf70950f61027daae0cfe205ba626adc3f54048d304f304de9be9bebc3
SKILL.md,51,SKILL.zh-CN.md,99,80b5eb1a92519b539433f12abd338fa574820148a030b9354d87d3a01e26a074,80b5eb1a92519b539433f12abd338fa574820148a030b9354d87d3a01e26a074
SKILL.md,52,SKILL.zh-CN.md,100,d0e92c66d94df976c394f06ccf2e1cebc278bf93fae274168db27e78ff32a1cc,d0e92c66d94df976c394f06ccf2e1cebc278bf93fae274168db27e78ff32a1cc
SKILL.md,53,SKILL.zh-CN.md,101,79407ca1e11daa55cacceba18aa148afe5d76d866cf34ba4d2689d2359f8fecb,54deae003acb0a74a4ebd6aae630be44924898f65d1aad419c41e349d8703dac
SKILL.md,54,SKILL.zh-CN.md,102,e3b0c44298fc1c149afbf4c8996fb92427ae41e4649b934ca495991b7852b855,e3b0c44298fc1c149afbf4c8996fb92427ae41e4649b934ca495991b7852b855
SKILL.md,55,SKILL.zh-CN.md,103,8e0c6e546f51214b9f0ac00bf1c7262ee015ecc4e6431422cbb1d373c108931f,8e0c6e546f51214b9f0ac00bf1c7262ee015ecc4e6431422cbb1d373c108931f
SKILL.md,56,SKILL.zh-CN.md,104,e3b0c44298fc1c149afbf4c8996fb92427ae41e4649b934ca495991b7852b855,e3b0c44298fc1c149afbf4c8996fb92427ae41e4649b934ca495991b7852b855
SKILL.md,57,SKILL.zh-CN.md,105,15880e5841ea580087cfbc9f8e3f823c977708332fe03ad0206c6166e502295d,983e72265b0cf46176bc50b00a7f4cd3822d0aa6192bfefc139693d9893d719b
SKILL.md,58,SKILL.zh-CN.md,106,de13e779f49bdd5047fba9bc05554a33132535619baf45d50ba56b4b2e4cdf35,aeee461aef0547f9973ace0e765a3320e5951e00ba337677644c636f21894419
SKILL.md,59,SKILL.zh-CN.md,107,e3b0c44298fc1c149afbf4c8996fb92427ae41e4649b934ca495991b7852b855,e3b0c44298fc1c149afbf4c8996fb92427ae41e4649b934ca495991b7852b855
SKILL.md,60,SKILL.zh-CN.md,108,7e630cf9ca54a72fae675815d500e0e27bb3e229261f5c73d78fc647b7e159de,da5a4bc02571c8bc7abfea65732bb72a18a6751e508e8f7eaa49d1e493a4e4e2
SKILL.md,61,SKILL.zh-CN.md,109,f7fb96ce1b552dbb0b86f3896b00b194bfae7a8d14d6be2baf9453d195f36b99,9077675a589ee42b66fe8bc5de56c8544d04f1dde03c4ed8d244fd061cb6256b
SKILL.md,62,SKILL.zh-CN.md,110,e3b0c44298fc1c149afbf4c8996fb92427ae41e4649b934ca495991b7852b855,e3b0c44298fc1c149afbf4c8996fb92427ae41e4649b934ca495991b7852b855
SKILL.md,63,SKILL.zh-CN.md,111,7b744200f23ccf167dcf5845cac1ac196e751d827c31aac32ba7b32f92ea98d3,229c19202a78e6b74b9658c5fe4628ae7627d2d2bedf4990326fc32195c2c121
SKILL.md,64,SKILL.zh-CN.md,112,ccac850bec4bb68c2e7a8bd40b2ccd21a21c058dce0875461d26403ae13f5474,a32b301fd66850881e420f6c3ed6901cbfe35dcb6bc1a7818859372d32d4be5b
SKILL.md,65,SKILL.zh-CN.md,113,e3b0c44298fc1c149afbf4c8996fb92427ae41e4649b934ca495991b7852b855,e3b0c44298fc1c149afbf4c8996fb92427ae41e4649b934ca495991b7852b855
SKILL.md,66,SKILL.zh-CN.md,114,fac2a60c0550f499da301a7ca17a6ce465bba7727aaa48eb09116b5d3d976782,d1c7f922bdebeb6d7de2dafb118b2698ef0faa97dc684df31665c97cdc1778be
SKILL.md,67,SKILL.zh-CN.md,115,839b951f6511651fcf6fd673ab4132eff8da85557a346bb9e37af2f2f67c674e,da4cd09e00b5d69b5dce0acabad977e47e18c265651d5f67f53ad5587dca2520
SKILL.md,68,SKILL.zh-CN.md,116,e3b0c44298fc1c149afbf4c8996fb92427ae41e4649b934ca495991b7852b855,e3b0c44298fc1c149afbf4c8996fb92427ae41e4649b934ca495991b7852b855
SKILL.md,69,SKILL.zh-CN.md,117,94f9eeaeb669e0e79b7992d1bb8be8b1703d6ce32219bb0aba3b30b88c582c14,7212a0f18ffedd463ba4b4ee26cf1cb770ed88db8218b4b6bf8999f1c660a4ee
SKILL.md,70,SKILL.zh-CN.md,118,78213d75eae73fe20b400eab816b64709b88a9246712ca18162618cf5d39d13c,612dacf6cfde6889dc235de2688b705c1c1c02c4628def67c17f92aaf8ecc37c
SKILL.md,71,SKILL.zh-CN.md,119,e3b0c44298fc1c149afbf4c8996fb92427ae41e4649b934ca495991b7852b855,e3b0c44298fc1c149afbf4c8996fb92427ae41e4649b934ca495991b7852b855
SKILL.md,72,SKILL.zh-CN.md,120,0eab25da7b87dd3ecf7907a6c11172adde231d9d83b0e915b6af1283a54a890d,5ddeb4183e2a1fb51c72a7075cd4bb2df4260457ee0305d621f80ad753520bfd
SKILL.md,73,SKILL.zh-CN.md,121,6f68db72ffb4fbe10ccfa7773b3a90b9c2570a9e68a05542c214b5c829935909,6f68db72ffb4fbe10ccfa7773b3a90b9c2570a9e68a05542c214b5c829935909
SKILL.md,74,SKILL.zh-CN.md,122,c3ef52cfa58a59e1fc5487fdd482e5217174fd6bb47cddd06b904e6138f62e26,c3ef52cfa58a59e1fc5487fdd482e5217174fd6bb47cddd06b904e6138f62e26
SKILL.md,75,SKILL.zh-CN.md,123,9b013bd8f64deb3848d2f5716c16c1ea55c655477a38e288168807ec0b4ecbc4,f18028a5f3c49680a606e14606065c75cb169d548a7e0faa2477c19f15674ea6
SKILL.md,76,SKILL.zh-CN.md,124,ed5aa9e862777033b2242e894fbc59598a2457f680194576980f130abfdc8d82,45ecf399f4144a964303cb4dac8bc5c113965f7dc4c0d75e5fcb976c0e58588c
SKILL.md,77,SKILL.zh-CN.md,125,2d4d4c0e958aaeee6fd9b209846d0cc6b801ec8998e8ef7d87e0008f15762946,5531640d982a62a6f15cc3452534f413382199e7aef2857112348e2663f62ca1
SKILL.md,78,SKILL.zh-CN.md,126,e3b0c44298fc1c149afbf4c8996fb92427ae41e4649b934ca495991b7852b855,e3b0c44298fc1c149afbf4c8996fb92427ae41e4649b934ca495991b7852b855
SKILL.md,79,SKILL.zh-CN.md,127,448deed2fa811a8f2c3c692c7dc3f4e95f24aca6e670f601e5054a06a8c3f842,c6cc7ac0e42e8ef3382e0f3a48870aeee6aaf4b930aa9f92180d9e07be28c7d8
SKILL.md,80,SKILL.zh-CN.md,128,10d24105f96fbedb15651144fd6da21e7846d61c786af01bdba322fb5a0ab76d,0b02d2ce96088def8ac9c0238ecbe4cb50371bf79adf698dedd1a81ab843c711
SKILL.md,81,SKILL.zh-CN.md,129,e3b0c44298fc1c149afbf4c8996fb92427ae41e4649b934ca495991b7852b855,e3b0c44298fc1c149afbf4c8996fb92427ae41e4649b934ca495991b7852b855
SKILL.md,82,SKILL.zh-CN.md,130,14cc356d546afa7583b9f7c31697403635956e8a3972ebb414025d4d2da22a84,8a017122e6fd66bcfb8ab8b52fcdaafc3e2cf5da16506acc7fb3ce13e103f6b2
SKILL.md,83,SKILL.zh-CN.md,131,66fd21ae82e8bac493c68dfcee9d96756c5eae4c4458c18ae5df3bd4ff434198,cdd05c0fa49d417b192d8239aa1f904131827e9337ad3ac0122143853d6d94d8
SKILL.md,84,SKILL.zh-CN.md,132,e3b0c44298fc1c149afbf4c8996fb92427ae41e4649b934ca495991b7852b855,e3b0c44298fc1c149afbf4c8996fb92427ae41e4649b934ca495991b7852b855
SKILL.md,85,SKILL.zh-CN.md,133,e9043a85d518079869cb49cc62737f11373333dea32e5f4ed8d455bc038c7310,4b0d1e7d6e0881605389458c8cb02083eacf6806b6918be4565a41fba15d40e8
SKILL.md,86,SKILL.zh-CN.md,134,e3b0c44298fc1c149afbf4c8996fb92427ae41e4649b934ca495991b7852b855,e3b0c44298fc1c149afbf4c8996fb92427ae41e4649b934ca495991b7852b855
SKILL.md,87,SKILL.zh-CN.md,135,ca9a222550319b605a366a901c02272757ad3947a9e4474b0a581bafe345f2a9,ca9a222550319b605a366a901c02272757ad3947a9e4474b0a581bafe345f2a9
SKILL.md,88,SKILL.zh-CN.md,136,23cca02b74f386463efa24796c7a9011b0d2c93f0c38b4d15d5d276205b59b43,23cca02b74f386463efa24796c7a9011b0d2c93f0c38b4d15d5d276205b59b43
SKILL.md,89,SKILL.zh-CN.md,137,50bc6c432588d6e37664c9497812f7bb33deac359d9cc25ab409d2e67796c176,50bc6c432588d6e37664c9497812f7bb33deac359d9cc25ab409d2e67796c176
SKILL.md,90,SKILL.zh-CN.md,138,02951bee1cad16668304861db6e1532dff13eb19823c99c4e864553a14403391,cdd3dd2744531efce26d59111b2d31ce837a84d6961ee5c0e3290b4b6e4c120c
SKILL.md,91,SKILL.zh-CN.md,139,67996e8f3b135e13c8c3805788c8c3116e3ccefcba718216fea7f9ece6ec995f,67996e8f3b135e13c8c3805788c8c3116e3ccefcba718216fea7f9ece6ec995f
SKILL.md,92,SKILL.zh-CN.md,140,dd30e13f74ee6c2f368ae09723f82f7205a64f482df35230545c10f1ea9cbf96,dd30e13f74ee6c2f368ae09723f82f7205a64f482df35230545c10f1ea9cbf96
SKILL.md,93,SKILL.zh-CN.md,141,48efee76b4732187f4cbeb655d18443a8108739e9c2bec1b1f68d3b3a1eaa7c7,4fbb97c2db788501782cfaa28550b2be56560f0415f2da641a8650313dfd6f31
SKILL.md,94,SKILL.zh-CN.md,142,e3b0c44298fc1c149afbf4c8996fb92427ae41e4649b934ca495991b7852b855,e3b0c44298fc1c149afbf4c8996fb92427ae41e4649b934ca495991b7852b855
SKILL.md,95,SKILL.zh-CN.md,143,8491ca0cd6ed7b08fcc85ce308f4bd9f8dace766ea29ecc719195090f979ccc9,547789e8257540ea10b0ce1462d31b8fe9d55d1263a270ab804e50843c6bbf8f
SKILL.md,96,SKILL.zh-CN.md,144,9b5fce6981f28be7777416b81d6b2db791d78f829510fb9cc64cdd5f7c9b6aec,b28029e032106ffbfc5d1945fe56920802a7a8f56887816a7c40dbd07f63116a
SKILL.md,97,SKILL.zh-CN.md,145,e3b0c44298fc1c149afbf4c8996fb92427ae41e4649b934ca495991b7852b855,e3b0c44298fc1c149afbf4c8996fb92427ae41e4649b934ca495991b7852b855
SKILL.md,98,SKILL.zh-CN.md,146,a00fcaa3c9d173fb01f8b4cc99c85fe0496844478e9d0553ab7e057c177484d8,093cf91a53219c73f0444ec41612c30c762e22c9698728eb6366374abb01a020
SKILL.md,99,SKILL.zh-CN.md,147,e4049809fe49b461d71dd1222272d41d3f7a508015a90b019dc3ba3ec9d272cd,e4049809fe49b461d71dd1222272d41d3f7a508015a90b019dc3ba3ec9d272cd
SKILL.md,100,SKILL.zh-CN.md,148,e3b0c44298fc1c149afbf4c8996fb92427ae41e4649b934ca495991b7852b855,e3b0c44298fc1c149afbf4c8996fb92427ae41e4649b934ca495991b7852b855
SKILL.md,101,SKILL.zh-CN.md,149,3b25ccca5f3ff8b903d7b433df40b05ea4419416774708d16b797469b74f820a,3b25ccca5f3ff8b903d7b433df40b05ea4419416774708d16b797469b74f820a
SKILL.md,102,SKILL.zh-CN.md,150,e3b0c44298fc1c149afbf4c8996fb92427ae41e4649b934ca495991b7852b855,e3b0c44298fc1c149afbf4c8996fb92427ae41e4649b934ca495991b7852b855
SKILL.md,103,SKILL.zh-CN.md,151,23a7434b7d5791e2d26783127d166919f7ec979adc7e2cd02538e219034603e7,570b646d0b9542c5e9838c6b10ef98ff3a4996873cb513188c509f077b5495a5
SKILL.md,104,SKILL.zh-CN.md,152,e3b0c44298fc1c149afbf4c8996fb92427ae41e4649b934ca495991b7852b855,e3b0c44298fc1c149afbf4c8996fb92427ae41e4649b934ca495991b7852b855
SKILL.md,105,SKILL.zh-CN.md,153,4f0f45843fb1697470b3387ca2abd061785eaebd189405c8699140a7aa92d139,4f0f45843fb1697470b3387ca2abd061785eaebd189405c8699140a7aa92d139
SKILL.md,106,SKILL.zh-CN.md,154,e3b0c44298fc1c149afbf4c8996fb92427ae41e4649b934ca495991b7852b855,e3b0c44298fc1c149afbf4c8996fb92427ae41e4649b934ca495991b7852b855
SKILL.md,107,SKILL.zh-CN.md,155,6f6c861e46ef6848073e4b9485895fc8328329091cf3bf3f5d716c8271c69520,f2e1d34ef7c4121d50f8ffc3ef621a15c84d686328af9efe86d93f5eb0425a99
SKILL.md,108,SKILL.zh-CN.md,156,e3b0c44298fc1c149afbf4c8996fb92427ae41e4649b934ca495991b7852b855,e3b0c44298fc1c149afbf4c8996fb92427ae41e4649b934ca495991b7852b855
SKILL.md,109,SKILL.zh-CN.md,157,1782e9e65d72306904edb3f178bd0183dfba5f62b1b0e6cefad5227844d990d1,55ea59855a1274be1416aaf985e20b5b718b6c73c8c9264374d8672f33fcd50d
SKILL.md,110,SKILL.zh-CN.md,158,e3b0c44298fc1c149afbf4c8996fb92427ae41e4649b934ca495991b7852b855,e3b0c44298fc1c149afbf4c8996fb92427ae41e4649b934ca495991b7852b855
SKILL.md,111,SKILL.zh-CN.md,159,d2161fe555e8e4fdd83a0861752569551ccfa1037263ab2b870e86acec661cad,9aea65f5e2af7f6b0f7e58ec7a2a544183233f3a9beff58c4dd3d22f54524703
SKILL.md,112,SKILL.zh-CN.md,160,c5f836ca819b642c2bd1b23979a4520a396070cadb4fb063d89406f830119558,c5f836ca819b642c2bd1b23979a4520a396070cadb4fb063d89406f830119558
SKILL.md,113,SKILL.zh-CN.md,161,c9064cf3e2987996f9f3ec2298c72bc0cbb9476c115a73ac7aafc6a455099509,c9064cf3e2987996f9f3ec2298c72bc0cbb9476c115a73ac7aafc6a455099509
SKILL.md,114,SKILL.zh-CN.md,162,3d41572a319394307be5bb256892da394b1cd6980520b53827b9d8118a37cf2e,6506a39a15ea9878e6844af1218a3dc1cd5a0923b7e7159c1a89e86a83b97cd5
SKILL.md,115,SKILL.zh-CN.md,163,6b8d437baf027b1fb27e6329d46af345d7a6f652df0f84362653367063cf9ddc,6b8d437baf027b1fb27e6329d46af345d7a6f652df0f84362653367063cf9ddc
SKILL.md,116,SKILL.zh-CN.md,164,eefa670ae50b76a435915cf7a5220b19473ae16dc8074524bf1fb6a243ae5f44,75513fb7b2bf6399e0306730f983a99c59f960983df687e9629135472c7c43b6
SKILL.md,117,SKILL.zh-CN.md,165,7a9f31e1cd76668402c7d36d3005b735a27a35af1c20ed7f8f61e9c6275f70da,96609526e7947fff09dd0477d81e56fdc58870580d7e25e300e993b7a635f717
SKILL.md,118,SKILL.zh-CN.md,166,549098f9d51b7b3c22962eb7efb312dc8f206b8c8631446dd3e70fcbd1a65e72,c9313085eb2274271e6e25de2bc165e8a9da2298bea5a633832034d636389142
SKILL.md,119,SKILL.zh-CN.md,167,1470771d94907791ce7e12d4aac88af298508156b2a351095164de3978370d14,33ba0dc89f72fb8889b6a296ddaa8da5ef6ed4eb81859168098ec1a707943626
SKILL.md,120,SKILL.zh-CN.md,168,ac6e4a017fa5c4a49a1030b3c7724ffac4eefd175bd017219938c4222249d11b,3e700fc36858a917c6cffe7dc4faf6b71c6c53cfc23d34bb4e34f038bf65caf2
SKILL.md,121,SKILL.zh-CN.md,169,b3909609c73e690cad478db5124531c0ad42235f8acdee670e03adbc4b30d5ab,b3909609c73e690cad478db5124531c0ad42235f8acdee670e03adbc4b30d5ab
SKILL.md,122,SKILL.zh-CN.md,170,6a424e31c6cf020a7ca77253f3b749ff88f80c0a18cd65f26cfac18bd8513e6f,f4a74a1a3457763f8ffe6e5237dab2db3522239163b6142de116ad34d2574d86
references/01-forensics-commands.md,1,references/01-forensics-commands.zh-CN.md,41,4352b3d26aabfc01dfb9f948ccd3e6712904d6fe546fc06feab2cf8ba0a8f672,4352b3d26aabfc01dfb9f948ccd3e6712904d6fe546fc06feab2cf8ba0a8f672
references/01-forensics-commands.md,2,references/01-forensics-commands.zh-CN.md,42,e3b0c44298fc1c149afbf4c8996fb92427ae41e4649b934ca495991b7852b855,e3b0c44298fc1c149afbf4c8996fb92427ae41e4649b934ca495991b7852b855
references/01-forensics-commands.md,3,references/01-forensics-commands.zh-CN.md,43,c096af1842445677b1fcd39b45638424719a75692febc7f6dfd8424e3f10b23f,c096af1842445677b1fcd39b45638424719a75692febc7f6dfd8424e3f10b23f
references/01-forensics-commands.md,4,references/01-forensics-commands.zh-CN.md,44,e3b0c44298fc1c149afbf4c8996fb92427ae41e4649b934ca495991b7852b855,e3b0c44298fc1c149afbf4c8996fb92427ae41e4649b934ca495991b7852b855
references/01-forensics-commands.md,5,references/01-forensics-commands.zh-CN.md,45,006d85f760e94a98dfba6eaec6132684874e20b90354c35d5c9477900e01f9fb,006d85f760e94a98dfba6eaec6132684874e20b90354c35d5c9477900e01f9fb
references/01-forensics-commands.md,6,references/01-forensics-commands.zh-CN.md,46,e3b0c44298fc1c149afbf4c8996fb92427ae41e4649b934ca495991b7852b855,e3b0c44298fc1c149afbf4c8996fb92427ae41e4649b934ca495991b7852b855
references/01-forensics-commands.md,7,references/01-forensics-commands.zh-CN.md,47,add5d1c60411923c5a3ec70b5f467040628f11988fe59627b52a4f73feca58ee,add5d1c60411923c5a3ec70b5f467040628f11988fe59627b52a4f73feca58ee
references/01-forensics-commands.md,8,references/01-forensics-commands.zh-CN.md,48,f4407697b05d7717353793917b3f4f13b4f181ca7a820dda83ed01e5dde6f842,f4407697b05d7717353793917b3f4f13b4f181ca7a820dda83ed01e5dde6f842
references/01-forensics-commands.md,9,references/01-forensics-commands.zh-CN.md,49,f1b901847390b0ed7e374e7c1e464ec17b46a427c487a5ad6cbd2906405083d5,f1b901847390b0ed7e374e7c1e464ec17b46a427c487a5ad6cbd2906405083d5
references/01-forensics-commands.md,10,references/01-forensics-commands.zh-CN.md,50,e3b0c44298fc1c149afbf4c8996fb92427ae41e4649b934ca495991b7852b855,e3b0c44298fc1c149afbf4c8996fb92427ae41e4649b934ca495991b7852b855
references/01-forensics-commands.md,11,references/01-forensics-commands.zh-CN.md,51,1730b58ec48a5d4316b5ba596fd9e7c76200eaecee1deae1912f0d1bcc82a27c,a37e8d190230ba3be7a06e6cf957f119040da5f193b439b2065f6e1e08ae5b70
references/01-forensics-commands.md,12,references/01-forensics-commands.zh-CN.md,52,e3b0c44298fc1c149afbf4c8996fb92427ae41e4649b934ca495991b7852b855,e3b0c44298fc1c149afbf4c8996fb92427ae41e4649b934ca495991b7852b855
references/01-forensics-commands.md,13,references/01-forensics-commands.zh-CN.md,53,ab06f956f4bd0663abdcaab93b3020e2795ed869283fa3935cd1ae4c2dcf3075,ab06f956f4bd0663abdcaab93b3020e2795ed869283fa3935cd1ae4c2dcf3075
references/01-forensics-commands.md,14,references/01-forensics-commands.zh-CN.md,54,e3b0c44298fc1c149afbf4c8996fb92427ae41e4649b934ca495991b7852b855,e3b0c44298fc1c149afbf4c8996fb92427ae41e4649b934ca495991b7852b855
references/01-forensics-commands.md,15,references/01-forensics-commands.zh-CN.md,55,add5d1c60411923c5a3ec70b5f467040628f11988fe59627b52a4f73feca58ee,add5d1c60411923c5a3ec70b5f467040628f11988fe59627b52a4f73feca58ee
references/01-forensics-commands.md,16,references/01-forensics-commands.zh-CN.md,56,014c6fb86448afc87687bbeaa57ff361609764fd05968cda17fd7afbcf39362a,014c6fb86448afc87687bbeaa57ff361609764fd05968cda17fd7afbcf39362a
references/01-forensics-commands.md,17,references/01-forensics-commands.zh-CN.md,57,888384584679bd93c4d521761195d1b6fdd2150b7ab0e1cf4544d41581bab139,888384584679bd93c4d521761195d1b6fdd2150b7ab0e1cf4544d41581bab139
references/01-forensics-commands.md,18,references/01-forensics-commands.zh-CN.md,58,f1b901847390b0ed7e374e7c1e464ec17b46a427c487a5ad6cbd2906405083d5,f1b901847390b0ed7e374e7c1e464ec17b46a427c487a5ad6cbd2906405083d5
references/01-forensics-commands.md,19,references/01-forensics-commands.zh-CN.md,59,e3b0c44298fc1c149afbf4c8996fb92427ae41e4649b934ca495991b7852b855,e3b0c44298fc1c149afbf4c8996fb92427ae41e4649b934ca495991b7852b855
references/01-forensics-commands.md,20,references/01-forensics-commands.zh-CN.md,60,cb70c85d5972e5d863ddedcba59ddd0fbf15c4e08f862f690f4f8df497003ec3,cb70c85d5972e5d863ddedcba59ddd0fbf15c4e08f862f690f4f8df497003ec3
references/01-forensics-commands.md,21,references/01-forensics-commands.zh-CN.md,61,e3b0c44298fc1c149afbf4c8996fb92427ae41e4649b934ca495991b7852b855,e3b0c44298fc1c149afbf4c8996fb92427ae41e4649b934ca495991b7852b855
references/01-forensics-commands.md,22,references/01-forensics-commands.zh-CN.md,62,84b5e8f573e127a9625a8458f98d0885f98035b34723fc8b7c24574a007bbd55,d06f967773af644e871e376beb0bb0a7b570ad9cf891f7011d6b6facdab7e62e
references/01-forensics-commands.md,23,references/01-forensics-commands.zh-CN.md,63,e3b0c44298fc1c149afbf4c8996fb92427ae41e4649b934ca495991b7852b855,e3b0c44298fc1c149afbf4c8996fb92427ae41e4649b934ca495991b7852b855
references/01-forensics-commands.md,24,references/01-forensics-commands.zh-CN.md,64,add5d1c60411923c5a3ec70b5f467040628f11988fe59627b52a4f73feca58ee,add5d1c60411923c5a3ec70b5f467040628f11988fe59627b52a4f73feca58ee
references/01-forensics-commands.md,25,references/01-forensics-commands.zh-CN.md,65,daae8206edc0ec8dff9ce7e437ce8cd4c7ac712ee550f5512542edd37c0e7239,daae8206edc0ec8dff9ce7e437ce8cd4c7ac712ee550f5512542edd37c0e7239
references/01-forensics-commands.md,26,references/01-forensics-commands.zh-CN.md,66,db804ae20fe7cdba066ef2932006c356addd36ec469c6fefd80c5443265374fa,db804ae20fe7cdba066ef2932006c356addd36ec469c6fefd80c5443265374fa
references/01-forensics-commands.md,27,references/01-forensics-commands.zh-CN.md,67,f1b901847390b0ed7e374e7c1e464ec17b46a427c487a5ad6cbd2906405083d5,f1b901847390b0ed7e374e7c1e464ec17b46a427c487a5ad6cbd2906405083d5
references/01-forensics-commands.md,28,references/01-forensics-commands.zh-CN.md,68,e3b0c44298fc1c149afbf4c8996fb92427ae41e4649b934ca495991b7852b855,e3b0c44298fc1c149afbf4c8996fb92427ae41e4649b934ca495991b7852b855
references/01-forensics-commands.md,29,references/01-forensics-commands.zh-CN.md,69,65644d2e6827260bdcbe599e4d66d1d4fa5db4c7dc14c241542a67d11bb61656,65644d2e6827260bdcbe599e4d66d1d4fa5db4c7dc14c241542a67d11bb61656
references/01-forensics-commands.md,30,references/01-forensics-commands.zh-CN.md,70,e3b0c44298fc1c149afbf4c8996fb92427ae41e4649b934ca495991b7852b855,e3b0c44298fc1c149afbf4c8996fb92427ae41e4649b934ca495991b7852b855
references/01-forensics-commands.md,31,references/01-forensics-commands.zh-CN.md,71,add5d1c60411923c5a3ec70b5f467040628f11988fe59627b52a4f73feca58ee,add5d1c60411923c5a3ec70b5f467040628f11988fe59627b52a4f73feca58ee
references/01-forensics-commands.md,32,references/01-forensics-commands.zh-CN.md,72,0d70553cf377ab7bf7729afbb1689a69fd8d265a01b161a98c4c0aef0253b903,b09bb04d346f3a6c0ffe175960d1fdf743dc49c4255adf27eadc3bf507cf947d
references/01-forensics-commands.md,33,references/01-forensics-commands.zh-CN.md,73,505d1f166054bde88ba70fb628eda9cee2ea12a7a895c594aa5a38b14b37aba8,505d1f166054bde88ba70fb628eda9cee2ea12a7a895c594aa5a38b14b37aba8
references/01-forensics-commands.md,34,references/01-forensics-commands.zh-CN.md,74,b304b663d30cd0671846ff3d1ed67322800410da68a41a27783ffc4c29d847e8,b304b663d30cd0671846ff3d1ed67322800410da68a41a27783ffc4c29d847e8
references/01-forensics-commands.md,35,references/01-forensics-commands.zh-CN.md,75,f1b901847390b0ed7e374e7c1e464ec17b46a427c487a5ad6cbd2906405083d5,f1b901847390b0ed7e374e7c1e464ec17b46a427c487a5ad6cbd2906405083d5
references/01-forensics-commands.md,36,references/01-forensics-commands.zh-CN.md,76,e3b0c44298fc1c149afbf4c8996fb92427ae41e4649b934ca495991b7852b855,e3b0c44298fc1c149afbf4c8996fb92427ae41e4649b934ca495991b7852b855
references/01-forensics-commands.md,37,references/01-forensics-commands.zh-CN.md,77,31b6a1c0ac7a66de05f423cd7576349532e9b017ad3ea23bdc431ee0481c30ff,31b6a1c0ac7a66de05f423cd7576349532e9b017ad3ea23bdc431ee0481c30ff
references/01-forensics-commands.md,38,references/01-forensics-commands.zh-CN.md,78,e3b0c44298fc1c149afbf4c8996fb92427ae41e4649b934ca495991b7852b855,e3b0c44298fc1c149afbf4c8996fb92427ae41e4649b934ca495991b7852b855
references/01-forensics-commands.md,39,references/01-forensics-commands.zh-CN.md,79,add5d1c60411923c5a3ec70b5f467040628f11988fe59627b52a4f73feca58ee,add5d1c60411923c5a3ec70b5f467040628f11988fe59627b52a4f73feca58ee
references/01-forensics-commands.md,40,references/01-forensics-commands.zh-CN.md,80,d1a8f1c60b6898716c87f51aa1276ffe16d3c4353d6a8f4ade30cdb69baa0a16,d1a8f1c60b6898716c87f51aa1276ffe16d3c4353d6a8f4ade30cdb69baa0a16
references/01-forensics-commands.md,41,references/01-forensics-commands.zh-CN.md,81,f1b901847390b0ed7e374e7c1e464ec17b46a427c487a5ad6cbd2906405083d5,f1b901847390b0ed7e374e7c1e464ec17b46a427c487a5ad6cbd2906405083d5
references/01-forensics-commands.md,42,references/01-forensics-commands.zh-CN.md,82,e3b0c44298fc1c149afbf4c8996fb92427ae41e4649b934ca495991b7852b855,e3b0c44298fc1c149afbf4c8996fb92427ae41e4649b934ca495991b7852b855
references/01-forensics-commands.md,43,references/01-forensics-commands.zh-CN.md,83,a2ce026be4dd3c839bca31bc0b59543011c68641d1bea0c1516e443cc8610376,a2ce026be4dd3c839bca31bc0b59543011c68641d1bea0c1516e443cc8610376
references/01-forensics-commands.md,44,references/01-forensics-commands.zh-CN.md,84,e3b0c44298fc1c149afbf4c8996fb92427ae41e4649b934ca495991b7852b855,e3b0c44298fc1c149afbf4c8996fb92427ae41e4649b934ca495991b7852b855
references/01-forensics-commands.md,45,references/01-forensics-commands.zh-CN.md,85,add5d1c60411923c5a3ec70b5f467040628f11988fe59627b52a4f73feca58ee,add5d1c60411923c5a3ec70b5f467040628f11988fe59627b52a4f73feca58ee
references/01-forensics-commands.md,46,references/01-forensics-commands.zh-CN.md,86,f590098190ec8c8c8f869bc06e73f28e23aeadb05591b43cdbcc7851dba53227,f590098190ec8c8c8f869bc06e73f28e23aeadb05591b43cdbcc7851dba53227
references/01-forensics-commands.md,47,references/01-forensics-commands.zh-CN.md,87,f1b901847390b0ed7e374e7c1e464ec17b46a427c487a5ad6cbd2906405083d5,f1b901847390b0ed7e374e7c1e464ec17b46a427c487a5ad6cbd2906405083d5
references/01-forensics-commands.md,48,references/01-forensics-commands.zh-CN.md,88,e3b0c44298fc1c149afbf4c8996fb92427ae41e4649b934ca495991b7852b855,e3b0c44298fc1c149afbf4c8996fb92427ae41e4649b934ca495991b7852b855
references/01-forensics-commands.md,49,references/01-forensics-commands.zh-CN.md,89,9852141b6b562088fb5df7944f6fd4fbb1646dc695ba81f272ae0beeca6748ae,bdb222d9814cb26e018cfa75bb5ee605fc163bd7ca59fbaa59f979e0977a94cb
references/01-forensics-commands.md,50,references/01-forensics-commands.zh-CN.md,90,e3b0c44298fc1c149afbf4c8996fb92427ae41e4649b934ca495991b7852b855,e3b0c44298fc1c149afbf4c8996fb92427ae41e4649b934ca495991b7852b855
references/01-forensics-commands.md,51,references/01-forensics-commands.zh-CN.md,91,add5d1c60411923c5a3ec70b5f467040628f11988fe59627b52a4f73feca58ee,add5d1c60411923c5a3ec70b5f467040628f11988fe59627b52a4f73feca58ee
references/01-forensics-commands.md,52,references/01-forensics-commands.zh-CN.md,92,cf439565b25296ee259cf8e37dc3c4b49b8e7f2084173f55a8fada81acc5279e,cf439565b25296ee259cf8e37dc3c4b49b8e7f2084173f55a8fada81acc5279e
references/01-forensics-commands.md,53,references/01-forensics-commands.zh-CN.md,93,f1b901847390b0ed7e374e7c1e464ec17b46a427c487a5ad6cbd2906405083d5,f1b901847390b0ed7e374e7c1e464ec17b46a427c487a5ad6cbd2906405083d5
references/01-forensics-commands.md,54,references/01-forensics-commands.zh-CN.md,94,e3b0c44298fc1c149afbf4c8996fb92427ae41e4649b934ca495991b7852b855,e3b0c44298fc1c149afbf4c8996fb92427ae41e4649b934ca495991b7852b855
references/01-forensics-commands.md,55,references/01-forensics-commands.zh-CN.md,95,8115b83eaa9a2d142d9d520998fb1e7d7f01f7e8b9ab617ebd9a9416e5be2124,d378bf400e5f9e9327aaa378b6b8985d98e043f41c827a8f0ef060ca67a4ff4a
references/01-forensics-commands.md,56,references/01-forensics-commands.zh-CN.md,96,2578e60fe3de794f0ed61722743d43fb759edff1defd3966476fc8dd8fb22857,2578e60fe3de794f0ed61722743d43fb759edff1defd3966476fc8dd8fb22857
references/01-forensics-commands.md,57,references/01-forensics-commands.zh-CN.md,97,2d7d63c66e3524cb59c18afbd4c4594d69911615e3b704e5d585141935ae40cb,2d7d63c66e3524cb59c18afbd4c4594d69911615e3b704e5d585141935ae40cb
references/01-forensics-commands.md,58,references/01-forensics-commands.zh-CN.md,98,437bb50d1c8af7f415e342ef202733c66ddd46ac275944f70ee0ba2040fb620a,437bb50d1c8af7f415e342ef202733c66ddd46ac275944f70ee0ba2040fb620a
references/01-forensics-commands.md,59,references/01-forensics-commands.zh-CN.md,99,e3b0c44298fc1c149afbf4c8996fb92427ae41e4649b934ca495991b7852b855,e3b0c44298fc1c149afbf4c8996fb92427ae41e4649b934ca495991b7852b855
references/01-forensics-commands.md,60,references/01-forensics-commands.zh-CN.md,100,bb94c6c87db3e2892dc98ce3a29b00ff6619cf6c9bcb928acd1e35932c420dfc,a3612a069d917fb9bd8db2ff17a18ce8497a53d5dc9b3dacf79e7c756a085351
references/01-forensics-commands.md,61,references/01-forensics-commands.zh-CN.md,101,e3b0c44298fc1c149afbf4c8996fb92427ae41e4649b934ca495991b7852b855,e3b0c44298fc1c149afbf4c8996fb92427ae41e4649b934ca495991b7852b855
references/01-forensics-commands.md,62,references/01-forensics-commands.zh-CN.md,102,add5d1c60411923c5a3ec70b5f467040628f11988fe59627b52a4f73feca58ee,add5d1c60411923c5a3ec70b5f467040628f11988fe59627b52a4f73feca58ee
references/01-forensics-commands.md,63,references/01-forensics-commands.zh-CN.md,103,1ee2a8713b4e22fa572acb273883495199a878f6bd203d514c695531d3205359,1ee2a8713b4e22fa572acb273883495199a878f6bd203d514c695531d3205359
references/01-forensics-commands.md,64,references/01-forensics-commands.zh-CN.md,104,f1b901847390b0ed7e374e7c1e464ec17b46a427c487a5ad6cbd2906405083d5,f1b901847390b0ed7e374e7c1e464ec17b46a427c487a5ad6cbd2906405083d5
references/01-forensics-commands.md,65,references/01-forensics-commands.zh-CN.md,105,e3b0c44298fc1c149afbf4c8996fb92427ae41e4649b934ca495991b7852b855,e3b0c44298fc1c149afbf4c8996fb92427ae41e4649b934ca495991b7852b855
references/01-forensics-commands.md,66,references/01-forensics-commands.zh-CN.md,106,cab12ed73767a20bf126afee7257448ee378f5f550fc6bc423d1dd6c41c79c1a,cab12ed73767a20bf126afee7257448ee378f5f550fc6bc423d1dd6c41c79c1a
references/01-forensics-commands.md,67,references/01-forensics-commands.zh-CN.md,107,2fae2bfccb165e23eb7e534d35c33e37d9fb428b0f09919f43891d319d479990,8c8d32d15c1d6a275462eaddd75f62e609a19311fb0a140de0eb6da7ea60875a
references/01-forensics-commands.md,68,references/01-forensics-commands.zh-CN.md,108,09b06f050026488fd499bf468dac08741d4099d45273f329908f3371e6271fce,84300d82ff081d363bcc9db1f3fcac3ec1a71b86803f91ff4d9c660c5e387659
references/01-forensics-commands.md,69,references/01-forensics-commands.zh-CN.md,109,b970be0cf5f201866526a6c2836f1a12dcf180e03bf52b7d20adb82f23686b91,b970be0cf5f201866526a6c2836f1a12dcf180e03bf52b7d20adb82f23686b91
references/01-forensics-commands.md,70,references/01-forensics-commands.zh-CN.md,110,e72968024f3a7a87d0e713bd65083bfc7aa4328eaa62c8aba8611b79082e9650,91b1c3b18f807ecc5f749f39bf3404875009da150d36bdbe87410f1885efefc2
references/01-forensics-commands.md,71,references/01-forensics-commands.zh-CN.md,111,e3b0c44298fc1c149afbf4c8996fb92427ae41e4649b934ca495991b7852b855,e3b0c44298fc1c149afbf4c8996fb92427ae41e4649b934ca495991b7852b855
references/01-forensics-commands.md,72,references/01-forensics-commands.zh-CN.md,112,1f8bc9d239b80d3c88cdf8fdf9a9ff49c7383606f1aaecd623801ef61e5e3d93,38c382186cf8f5e12d6330c9c199f0990cffa6d4e6ac91cd846a9a144b3cabaf
references/01-forensics-commands.md,73,references/01-forensics-commands.zh-CN.md,113,e3b0c44298fc1c149afbf4c8996fb92427ae41e4649b934ca495991b7852b855,e3b0c44298fc1c149afbf4c8996fb92427ae41e4649b934ca495991b7852b855
references/01-forensics-commands.md,74,references/01-forensics-commands.zh-CN.md,114,0648981bede22df374359d45112548347e430e33533e7e3e92923b9caef5e7b0,0648981bede22df374359d45112548347e430e33533e7e3e92923b9caef5e7b0
references/01-forensics-commands.md,75,references/01-forensics-commands.zh-CN.md,115,e3b0c44298fc1c149afbf4c8996fb92427ae41e4649b934ca495991b7852b855,e3b0c44298fc1c149afbf4c8996fb92427ae41e4649b934ca495991b7852b855
references/01-forensics-commands.md,76,references/01-forensics-commands.zh-CN.md,116,add5d1c60411923c5a3ec70b5f467040628f11988fe59627b52a4f73feca58ee,add5d1c60411923c5a3ec70b5f467040628f11988fe59627b52a4f73feca58ee
references/01-forensics-commands.md,77,references/01-forensics-commands.zh-CN.md,117,54cc26359b385d4e40bc1294b5acd237e92776b1ef00917a5f13b1d53048e785,54cc26359b385d4e40bc1294b5acd237e92776b1ef00917a5f13b1d53048e785
references/01-forensics-commands.md,78,references/01-forensics-commands.zh-CN.md,118,7b60b626bb6c1c7cc6c654c450d6d336e50dd2821def6887b7904a59ab934f03,7b60b626bb6c1c7cc6c654c450d6d336e50dd2821def6887b7904a59ab934f03
references/01-forensics-commands.md,79,references/01-forensics-commands.zh-CN.md,119,f1b901847390b0ed7e374e7c1e464ec17b46a427c487a5ad6cbd2906405083d5,f1b901847390b0ed7e374e7c1e464ec17b46a427c487a5ad6cbd2906405083d5
references/01-forensics-commands.md,80,references/01-forensics-commands.zh-CN.md,120,e3b0c44298fc1c149afbf4c8996fb92427ae41e4649b934ca495991b7852b855,e3b0c44298fc1c149afbf4c8996fb92427ae41e4649b934ca495991b7852b855
references/01-forensics-commands.md,81,references/01-forensics-commands.zh-CN.md,121,d6e97468dd7b415cacf4f836343f88f02f88efc61b27312a16d03988a0ff2e13,8a22c29f846d3eb1592c77fe396fed004e6be10da47dc389018fe227e096ff97
references/01-forensics-commands.md,82,references/01-forensics-commands.zh-CN.md,122,e3b0c44298fc1c149afbf4c8996fb92427ae41e4649b934ca495991b7852b855,e3b0c44298fc1c149afbf4c8996fb92427ae41e4649b934ca495991b7852b855
references/01-forensics-commands.md,83,references/01-forensics-commands.zh-CN.md,123,ea814c8d8a7b50a5c4d255364f185a34a34b268fb03e031d185ef5feddadab33,b645496547fd0f856e9821096208c4f5b4aee81e940bde40244a2d7b80312948
references/01-forensics-commands.md,84,references/01-forensics-commands.zh-CN.md,124,e3b0c44298fc1c149afbf4c8996fb92427ae41e4649b934ca495991b7852b855,e3b0c44298fc1c149afbf4c8996fb92427ae41e4649b934ca495991b7852b855
references/01-forensics-commands.md,85,references/01-forensics-commands.zh-CN.md,125,add5d1c60411923c5a3ec70b5f467040628f11988fe59627b52a4f73feca58ee,add5d1c60411923c5a3ec70b5f467040628f11988fe59627b52a4f73feca58ee
references/01-forensics-commands.md,86,references/01-forensics-commands.zh-CN.md,126,dd073ce3fec22fbf91031a9f9f05aeda8ccb66e665c0a6a3d011a1b4ef07a032,dd073ce3fec22fbf91031a9f9f05aeda8ccb66e665c0a6a3d011a1b4ef07a032
references/01-forensics-commands.md,87,references/01-forensics-commands.zh-CN.md,127,7d72170ef19bd182bdbe1463d03a00c10305a3dda2fcfa31bb24e74de63213c7,7d72170ef19bd182bdbe1463d03a00c10305a3dda2fcfa31bb24e74de63213c7
references/01-forensics-commands.md,88,references/01-forensics-commands.zh-CN.md,128,f1b901847390b0ed7e374e7c1e464ec17b46a427c487a5ad6cbd2906405083d5,f1b901847390b0ed7e374e7c1e464ec17b46a427c487a5ad6cbd2906405083d5
references/01-forensics-commands.md,89,references/01-forensics-commands.zh-CN.md,129,e3b0c44298fc1c149afbf4c8996fb92427ae41e4649b934ca495991b7852b855,e3b0c44298fc1c149afbf4c8996fb92427ae41e4649b934ca495991b7852b855
references/01-forensics-commands.md,90,references/01-forensics-commands.zh-CN.md,130,b56aff2bc5ef6d5f73d14d0a2a15b91446d73ba14310bb2863cc0723067c40b0,06bfef2687b5ab9d2b5b55cdeb9ac126ad75f67fe1d6a66de5b4095946be2ff0
references/01-forensics-commands.md,91,references/01-forensics-commands.zh-CN.md,131,e3b0c44298fc1c149afbf4c8996fb92427ae41e4649b934ca495991b7852b855,e3b0c44298fc1c149afbf4c8996fb92427ae41e4649b934ca495991b7852b855
references/01-forensics-commands.md,92,references/01-forensics-commands.zh-CN.md,132,5d7a57efa31875de97ab70c37c1f4e9471f2215f2f4d6953ece51e142f84773c,dd542567dbd027745d411255f1a1c4c115f8a72810d38b081a1d3750e3debe80
references/01-forensics-commands.md,93,references/01-forensics-commands.zh-CN.md,133,e3b0c44298fc1c149afbf4c8996fb92427ae41e4649b934ca495991b7852b855,e3b0c44298fc1c149afbf4c8996fb92427ae41e4649b934ca495991b7852b855
references/01-forensics-commands.md,94,references/01-forensics-commands.zh-CN.md,134,add5d1c60411923c5a3ec70b5f467040628f11988fe59627b52a4f73feca58ee,add5d1c60411923c5a3ec70b5f467040628f11988fe59627b52a4f73feca58ee
references/01-forensics-commands.md,95,references/01-forensics-commands.zh-CN.md,135,5d14a993c6031f780a9c8b953bd9d65c97e7e1c3ab7d6850839ac0473fd87f1b,c552687ce514baa77d85e0443067383ba7288f27660820d9227067b94d9f66b8
references/01-forensics-commands.md,96,references/01-forensics-commands.zh-CN.md,136,4f05ad820921e86b908cbf55a355fca4ab10065aa4d2f661dc81f8e7c2bcfd4c,4f05ad820921e86b908cbf55a355fca4ab10065aa4d2f661dc81f8e7c2bcfd4c
references/01-forensics-commands.md,97,references/01-forensics-commands.zh-CN.md,137,f1b901847390b0ed7e374e7c1e464ec17b46a427c487a5ad6cbd2906405083d5,f1b901847390b0ed7e374e7c1e464ec17b46a427c487a5ad6cbd2906405083d5
references/01-forensics-commands.md,98,references/01-forensics-commands.zh-CN.md,138,e3b0c44298fc1c149afbf4c8996fb92427ae41e4649b934ca495991b7852b855,e3b0c44298fc1c149afbf4c8996fb92427ae41e4649b934ca495991b7852b855
references/01-forensics-commands.md,99,references/01-forensics-commands.zh-CN.md,139,2f319c2c58770957423fbfd281eb784fbec7d7bc7cb6f79be4b0b9506203c232,2f319c2c58770957423fbfd281eb784fbec7d7bc7cb6f79be4b0b9506203c232
references/01-forensics-commands.md,100,references/01-forensics-commands.zh-CN.md,140,e3b0c44298fc1c149afbf4c8996fb92427ae41e4649b934ca495991b7852b855,e3b0c44298fc1c149afbf4c8996fb92427ae41e4649b934ca495991b7852b855
references/01-forensics-commands.md,101,references/01-forensics-commands.zh-CN.md,141,add5d1c60411923c5a3ec70b5f467040628f11988fe59627b52a4f73feca58ee,add5d1c60411923c5a3ec70b5f467040628f11988fe59627b52a4f73feca58ee
references/01-forensics-commands.md,102,references/01-forensics-commands.zh-CN.md,142,8c20a8fb3bc90fd4e08c6661df28e577b5b0441f36e9ebc2e20eacd8ff2d50c0,8c20a8fb3bc90fd4e08c6661df28e577b5b0441f36e9ebc2e20eacd8ff2d50c0
references/01-forensics-commands.md,103,references/01-forensics-commands.zh-CN.md,143,5298a8680301c750523673184e6a20f8c2e215dbfe4a3056df508330e6ee6722,5298a8680301c750523673184e6a20f8c2e215dbfe4a3056df508330e6ee6722
references/01-forensics-commands.md,104,references/01-forensics-commands.zh-CN.md,144,d7392dbb037c9ed761862f5326cb9041c27e613de1d84e300ac91fd080fbaa9f,d7392dbb037c9ed761862f5326cb9041c27e613de1d84e300ac91fd080fbaa9f
references/01-forensics-commands.md,105,references/01-forensics-commands.zh-CN.md,145,f1b901847390b0ed7e374e7c1e464ec17b46a427c487a5ad6cbd2906405083d5,f1b901847390b0ed7e374e7c1e464ec17b46a427c487a5ad6cbd2906405083d5
references/01-forensics-commands.md,106,references/01-forensics-commands.zh-CN.md,146,e3b0c44298fc1c149afbf4c8996fb92427ae41e4649b934ca495991b7852b855,e3b0c44298fc1c149afbf4c8996fb92427ae41e4649b934ca495991b7852b855
references/01-forensics-commands.md,107,references/01-forensics-commands.zh-CN.md,147,6e39182317fb9024f13e42d301604079b2e689d55219a02fe3fa7d010e8f344d,3f60544b5ce6cae3c7efbbca595e7a536593fc1912596c9b1fae505f854b27be
references/01-forensics-commands.md,108,references/01-forensics-commands.zh-CN.md,148,e3b0c44298fc1c149afbf4c8996fb92427ae41e4649b934ca495991b7852b855,e3b0c44298fc1c149afbf4c8996fb92427ae41e4649b934ca495991b7852b855
references/01-forensics-commands.md,109,references/01-forensics-commands.zh-CN.md,149,26981a9fc7d47e6e124a6c9a30f666208447af9f7439fe107beb6220db631b88,26981a9fc7d47e6e124a6c9a30f666208447af9f7439fe107beb6220db631b88
references/01-forensics-commands.md,110,references/01-forensics-commands.zh-CN.md,150,e3b0c44298fc1c149afbf4c8996fb92427ae41e4649b934ca495991b7852b855,e3b0c44298fc1c149afbf4c8996fb92427ae41e4649b934ca495991b7852b855
references/01-forensics-commands.md,111,references/01-forensics-commands.zh-CN.md,151,9026133b05664ccfbad19e7871a7398991ed0cfdb3a57ffd827c47e569ceb20b,ce136091895a894cd2791b7f62aebd55b4cf06dd0f8cac3b9c18f604d0edd0bd
references/01-forensics-commands.md,112,references/01-forensics-commands.zh-CN.md,152,4da1ec6f47782090102dc16bda978efb5655fbf2ddce0f84ecf1faf79a930f2d,4da1ec6f47782090102dc16bda978efb5655fbf2ddce0f84ecf1faf79a930f2d
references/01-forensics-commands.md,113,references/01-forensics-commands.zh-CN.md,153,32f0088a82dc8935dfd06ac7aad69689bc0cead5cab6d2b21f0a7d2cdea046ca,f415fd2dd2a397ced9019fb5620d36e9304be89708e94ff8e336b5832c974d0b
references/01-forensics-commands.md,114,references/01-forensics-commands.zh-CN.md,154,cfd53b82059a6bdfac1cd0292f94546aecf252cbdb7f33f9eaf9fb6d1a23ba1f,ac4163cb6b5e7dcb368d1456c285378b4f85a3dfd2a7545d7004c2eda5bb81f4
references/01-forensics-commands.md,115,references/01-forensics-commands.zh-CN.md,155,590df39a8ef262605f798ba7ddb0f294584811a240a8dc84318dd806b5e48fdc,79f232cff88effed01faeb687ba04e5c74bf02a599f5a11d62d16f08f532cee1
references/01-forensics-commands.md,116,references/01-forensics-commands.zh-CN.md,156,1f1fb1e91a8323524c387f5ee86df1e46bc977e8239a714ab8378dcf1d89b6ce,eb17833163abd0abffbea7f147e5ce7d74fa86c9779ccebcceb83da14d477c53
references/01-forensics-commands.md,117,references/01-forensics-commands.zh-CN.md,157,6a002348617eb38752d752f172eb8c17da57f5236a9cbd1d230765418fad1f99,8de33f399ddf4c633365a7d84151d5eb0ad72ca04af556fc9dad7e6a8edcea07
references/01-forensics-commands.md,118,references/01-forensics-commands.zh-CN.md,158,f621b5f1feffb6a3a430dded1cec37d7c94ea41284e091710ca2ffc2614c5881,c799c38d7b16ed5ced7bb927cdee1c4b66b73f0728fe5340b58a8500dce155ce
references/01-forensics-commands.md,119,references/01-forensics-commands.zh-CN.md,159,e3b0c44298fc1c149afbf4c8996fb92427ae41e4649b934ca495991b7852b855,e3b0c44298fc1c149afbf4c8996fb92427ae41e4649b934ca495991b7852b855
references/01-forensics-commands.md,120,references/01-forensics-commands.zh-CN.md,160,9024bd7fed2fecfb80dbfbd1f13fe4a7d7ed1785aeb5c2504a6d546aa2b5310a,39aeb29a11bcdaff95f464670b13b64862d03263e73acba5947a995e4ee83a35
references/01-forensics-commands.md,121,references/01-forensics-commands.zh-CN.md,161,e3b0c44298fc1c149afbf4c8996fb92427ae41e4649b934ca495991b7852b855,e3b0c44298fc1c149afbf4c8996fb92427ae41e4649b934ca495991b7852b855
references/01-forensics-commands.md,122,references/01-forensics-commands.zh-CN.md,162,4b39524bb8feeb00c44c3c2a4e5b3f1717b4b87ae28995858954fc6eaa1394a0,4b39524bb8feeb00c44c3c2a4e5b3f1717b4b87ae28995858954fc6eaa1394a0
references/01-forensics-commands.md,123,references/01-forensics-commands.zh-CN.md,163,e3b0c44298fc1c149afbf4c8996fb92427ae41e4649b934ca495991b7852b855,e3b0c44298fc1c149afbf4c8996fb92427ae41e4649b934ca495991b7852b855
references/01-forensics-commands.md,124,references/01-forensics-commands.zh-CN.md,164,add5d1c60411923c5a3ec70b5f467040628f11988fe59627b52a4f73feca58ee,add5d1c60411923c5a3ec70b5f467040628f11988fe59627b52a4f73feca58ee
references/01-forensics-commands.md,125,references/01-forensics-commands.zh-CN.md,165,04c6f7c9a55647ad5174b70262b768707193d5b3efd6c062e05d90653325c054,04c6f7c9a55647ad5174b70262b768707193d5b3efd6c062e05d90653325c054
references/01-forensics-commands.md,126,references/01-forensics-commands.zh-CN.md,166,1747aceb9883a85f66890b02ae08665f4e657b62bbdd40d9e9faf3c8a2e5dfa6,1747aceb9883a85f66890b02ae08665f4e657b62bbdd40d9e9faf3c8a2e5dfa6
references/01-forensics-commands.md,127,references/01-forensics-commands.zh-CN.md,167,f1b901847390b0ed7e374e7c1e464ec17b46a427c487a5ad6cbd2906405083d5,f1b901847390b0ed7e374e7c1e464ec17b46a427c487a5ad6cbd2906405083d5
references/01-forensics-commands.md,128,references/01-forensics-commands.zh-CN.md,168,ad332335cfaa348c5bd715c3479844622270d5f7389ae070b81b135d521a221a,ad332335cfaa348c5bd715c3479844622270d5f7389ae070b81b135d521a221a
references/01-forensics-commands.md,129,references/01-forensics-commands.zh-CN.md,169,9a6eeab85b0d2893017b1b2726b89423bfad00de57c3f22111709519b85c1c3a,9a6eeab85b0d2893017b1b2726b89423bfad00de57c3f22111709519b85c1c3a
references/01-forensics-commands.md,130,references/01-forensics-commands.zh-CN.md,170,d5d6349877b6c53b7b3d418a57f5e3d2ae900e33a71b2315f7588d19afc17d16,d5d6349877b6c53b7b3d418a57f5e3d2ae900e33a71b2315f7588d19afc17d16
references/01-forensics-commands.md,131,references/01-forensics-commands.zh-CN.md,171,f1b901847390b0ed7e374e7c1e464ec17b46a427c487a5ad6cbd2906405083d5,f1b901847390b0ed7e374e7c1e464ec17b46a427c487a5ad6cbd2906405083d5
references/01-forensics-commands.md,132,references/01-forensics-commands.zh-CN.md,172,e3b0c44298fc1c149afbf4c8996fb92427ae41e4649b934ca495991b7852b855,e3b0c44298fc1c149afbf4c8996fb92427ae41e4649b934ca495991b7852b855
references/01-forensics-commands.md,133,references/01-forensics-commands.zh-CN.md,173,56efec16335cb34a5ed28a3d53003b1b6f390859f7a6122ded15c3c663c937d7,518b8db94adc7e2c638ece0041821f4dcd74ca67b49393596305621eda71c583
references/02-h3-field-mapping.md,1,references/02-h3-field-mapping.zh-CN.md,44,50fb2c1c59c9b8a40d582e09ac9dfe8bf45c1a636642610291282f536ee882f1,50fb2c1c59c9b8a40d582e09ac9dfe8bf45c1a636642610291282f536ee882f1
references/02-h3-field-mapping.md,2,references/02-h3-field-mapping.zh-CN.md,45,e3b0c44298fc1c149afbf4c8996fb92427ae41e4649b934ca495991b7852b855,e3b0c44298fc1c149afbf4c8996fb92427ae41e4649b934ca495991b7852b855
references/02-h3-field-mapping.md,3,references/02-h3-field-mapping.zh-CN.md,46,56790428eed0606d480e6d2e2b26928c17a2e59762865926f516924fc155d241,56790428eed0606d480e6d2e2b26928c17a2e59762865926f516924fc155d241
references/02-h3-field-mapping.md,4,references/02-h3-field-mapping.zh-CN.md,47,e3b0c44298fc1c149afbf4c8996fb92427ae41e4649b934ca495991b7852b855,e3b0c44298fc1c149afbf4c8996fb92427ae41e4649b934ca495991b7852b855
references/02-h3-field-mapping.md,5,references/02-h3-field-mapping.zh-CN.md,48,be9ae226910e19538ae580b881e874efa52d9833cc1eaab61fd60559b5345315,be9ae226910e19538ae580b881e874efa52d9833cc1eaab61fd60559b5345315
references/02-h3-field-mapping.md,6,references/02-h3-field-mapping.zh-CN.md,49,e3b0c44298fc1c149afbf4c8996fb92427ae41e4649b934ca495991b7852b855,e3b0c44298fc1c149afbf4c8996fb92427ae41e4649b934ca495991b7852b855
references/02-h3-field-mapping.md,7,references/02-h3-field-mapping.zh-CN.md,50,8ecbb751ea8de877e4026f47bb96200ac156c77402e13af52070b8fa54ccc05c,8ecbb751ea8de877e4026f47bb96200ac156c77402e13af52070b8fa54ccc05c
references/02-h3-field-mapping.md,8,references/02-h3-field-mapping.zh-CN.md,51,4da1ec6f47782090102dc16bda978efb5655fbf2ddce0f84ecf1faf79a930f2d,4da1ec6f47782090102dc16bda978efb5655fbf2ddce0f84ecf1faf79a930f2d
references/02-h3-field-mapping.md,9,references/02-h3-field-mapping.zh-CN.md,52,6134b1a36b84d9ab0487cafde06af37447121e9fd6d19d684b3f255802289c8d,6134b1a36b84d9ab0487cafde06af37447121e9fd6d19d684b3f255802289c8d
references/02-h3-field-mapping.md,10,references/02-h3-field-mapping.zh-CN.md,53,25c7c5c3a9ea135c4cf076a223bbb0772ba934f948cb191e0b5e51a5756008b1,25c7c5c3a9ea135c4cf076a223bbb0772ba934f948cb191e0b5e51a5756008b1
references/02-h3-field-mapping.md,11,references/02-h3-field-mapping.zh-CN.md,54,0454b3ca6e517cd44af4a665408750d460760bcb20432e68457b743566601b51,0454b3ca6e517cd44af4a665408750d460760bcb20432e68457b743566601b51
references/02-h3-field-mapping.md,12,references/02-h3-field-mapping.zh-CN.md,55,7b5d938b5049b178f935b996b23ea0fd24716ad25181896f13a748addf17781a,7b5d938b5049b178f935b996b23ea0fd24716ad25181896f13a748addf17781a
references/02-h3-field-mapping.md,13,references/02-h3-field-mapping.zh-CN.md,56,d31a5609d08eca478cd56c48cc6274caef68e66152845078a2ba1f87ba2ed453,f586e565cf71c255b870389c969fb1a3d9145fe77e2fdbbb637cf8a98b38c8ef
references/02-h3-field-mapping.md,14,references/02-h3-field-mapping.zh-CN.md,57,aef6ebec0c11caa3a04cb370d6b88a5ea41cbf243a245a6fe4af1ca850738b91,43ace6cc2d064a17fc7e92b465b6799828c84d9341c0da7f82b774a475cea425
references/02-h3-field-mapping.md,15,references/02-h3-field-mapping.zh-CN.md,58,d000b595434685e0b8835df608190396583b164d361c24fbd07cb87ef59fb5c1,d000b595434685e0b8835df608190396583b164d361c24fbd07cb87ef59fb5c1
references/02-h3-field-mapping.md,16,references/02-h3-field-mapping.zh-CN.md,59,fba29e65317bac3d608840f38ae7824a1551ff31a6dd3c765c51bf4c28391a8b,9f5d5f4a99db28c3c84fa72fbc8ced8d7bac5719df9611876a774a6cb55370a0
references/02-h3-field-mapping.md,17,references/02-h3-field-mapping.zh-CN.md,60,08691c6acf5d60e10c2ba682338ddf8f9569b01dafdeac728cac083861b73ccd,08691c6acf5d60e10c2ba682338ddf8f9569b01dafdeac728cac083861b73ccd
references/02-h3-field-mapping.md,18,references/02-h3-field-mapping.zh-CN.md,61,8d376024f0440106526a9a4ffd67d99918e1d926df9bd60f6e3beb2659d438bc,8d376024f0440106526a9a4ffd67d99918e1d926df9bd60f6e3beb2659d438bc
references/02-h3-field-mapping.md,19,references/02-h3-field-mapping.zh-CN.md,62,1f929d16b692530ec34c1824e7a46665fa2bae678823e3972fec5af3a22d5ff4,af731dd1ceb32a26ab3dae61882d27c7d0f8d8b36c9113cc3808e717b067494b
references/02-h3-field-mapping.md,20,references/02-h3-field-mapping.zh-CN.md,63,98a94d1325e8ab5ddad0cdecb8d9660ec4131c0cd3af5fe497be43cb3c2afaa9,98a94d1325e8ab5ddad0cdecb8d9660ec4131c0cd3af5fe497be43cb3c2afaa9
references/02-h3-field-mapping.md,21,references/02-h3-field-mapping.zh-CN.md,64,6608219ba11c2104168a21b48a58b59ef9b39fd7a0c3ffda439116fc01ae4cb8,6608219ba11c2104168a21b48a58b59ef9b39fd7a0c3ffda439116fc01ae4cb8
references/02-h3-field-mapping.md,22,references/02-h3-field-mapping.zh-CN.md,65,7927c55e5366e5b4e398f7a54091cf53857a197ad67e162c26b45b6764ad1d40,369b7d9622e75db3e9fb99173977ff6badf51c6496fd83ef4251bff15c501ee6
references/02-h3-field-mapping.md,23,references/02-h3-field-mapping.zh-CN.md,66,e3b0c44298fc1c149afbf4c8996fb92427ae41e4649b934ca495991b7852b855,e3b0c44298fc1c149afbf4c8996fb92427ae41e4649b934ca495991b7852b855
references/02-h3-field-mapping.md,24,references/02-h3-field-mapping.zh-CN.md,67,d699094c99d81295952c375469e424cc0581dd713b493b486f39b9b97e8e250a,d699094c99d81295952c375469e424cc0581dd713b493b486f39b9b97e8e250a
references/02-h3-field-mapping.md,25,references/02-h3-field-mapping.zh-CN.md,68,e3b0c44298fc1c149afbf4c8996fb92427ae41e4649b934ca495991b7852b855,e3b0c44298fc1c149afbf4c8996fb92427ae41e4649b934ca495991b7852b855
references/02-h3-field-mapping.md,26,references/02-h3-field-mapping.zh-CN.md,69,c2faefe631f71f47ffe6075e5652e00b245b36a5c8a3550257145730018c7e48,c2faefe631f71f47ffe6075e5652e00b245b36a5c8a3550257145730018c7e48
references/02-h3-field-mapping.md,27,references/02-h3-field-mapping.zh-CN.md,70,c3b0c6291e9fea818d1166f1824b2a4cdfdf74c89438ce5540bc65ee9e3c4ebd,c3b0c6291e9fea818d1166f1824b2a4cdfdf74c89438ce5540bc65ee9e3c4ebd
references/02-h3-field-mapping.md,28,references/02-h3-field-mapping.zh-CN.md,71,d1d5ee770eecc0cf47d915826cf10374b352b567ac9c943703807c4aa31b5673,d1d5ee770eecc0cf47d915826cf10374b352b567ac9c943703807c4aa31b5673
references/02-h3-field-mapping.md,29,references/02-h3-field-mapping.zh-CN.md,72,aa715ab34b2538d13aa7a0bb4c6889fc55f64c306ef86f3b2f37c36c3bdac8b8,e6baf65ee63ae713b460169d2e37e7f3b5c795c8c8b62579bc4fb711d1505013
references/02-h3-field-mapping.md,30,references/02-h3-field-mapping.zh-CN.md,73,e6bb62e5191e299d996f10a89498f5e9c36e1bc23ba23516c2d45ca53df6231e,e6bb62e5191e299d996f10a89498f5e9c36e1bc23ba23516c2d45ca53df6231e
references/02-h3-field-mapping.md,31,references/02-h3-field-mapping.zh-CN.md,74,e3b0c44298fc1c149afbf4c8996fb92427ae41e4649b934ca495991b7852b855,e3b0c44298fc1c149afbf4c8996fb92427ae41e4649b934ca495991b7852b855
references/02-h3-field-mapping.md,32,references/02-h3-field-mapping.zh-CN.md,75,22cb568bcb7bddca6d236743f43a8c08bb83db443e10766ef45374394c889f3e,c29850f49d9d83e9142751a9d869e9e24ddd3ab2d145f5adc9c4b721febf1e76
references/02-h3-field-mapping.md,33,references/02-h3-field-mapping.zh-CN.md,76,e3b0c44298fc1c149afbf4c8996fb92427ae41e4649b934ca495991b7852b855,e3b0c44298fc1c149afbf4c8996fb92427ae41e4649b934ca495991b7852b855
references/02-h3-field-mapping.md,34,references/02-h3-field-mapping.zh-CN.md,77,b4a313791c1fbca2c1410d1d5b1190af4087723ec1b6c1c4ba776298d6dd6228,b4a313791c1fbca2c1410d1d5b1190af4087723ec1b6c1c4ba776298d6dd6228
references/02-h3-field-mapping.md,35,references/02-h3-field-mapping.zh-CN.md,78,4f589aec412a2d9be68e492ce1dca78cd865acdad60c28b27e65e1e57d25e305,13a2e55bae3abfc6cafaa1df009b77d055412f5c9bdd4321eda500a394f15d92
references/02-h3-field-mapping.md,36,references/02-h3-field-mapping.zh-CN.md,79,e3b0c44298fc1c149afbf4c8996fb92427ae41e4649b934ca495991b7852b855,e3b0c44298fc1c149afbf4c8996fb92427ae41e4649b934ca495991b7852b855
references/02-h3-field-mapping.md,37,references/02-h3-field-mapping.zh-CN.md,80,454485f67f80b7ae94e422d337241df44be175dab16988122973d28e4b2d0230,8498a5950123bb743dbbf5b7c2fa8b41a5f90e206ca310282dd3105b9f0ed93a
references/02-h3-field-mapping.md,38,references/02-h3-field-mapping.zh-CN.md,81,e3b0c44298fc1c149afbf4c8996fb92427ae41e4649b934ca495991b7852b855,e3b0c44298fc1c149afbf4c8996fb92427ae41e4649b934ca495991b7852b855
references/02-h3-field-mapping.md,39,references/02-h3-field-mapping.zh-CN.md,82,867308079c9cf6cc63f92b655e8c696c3e1e9e1a457ec7abc44393d48695f654,c40de407405e662f472f5cbe1118add2cc93c1805bd5172f62f8dd028d312775
references/02-h3-field-mapping.md,40,references/02-h3-field-mapping.zh-CN.md,83,e3b0c44298fc1c149afbf4c8996fb92427ae41e4649b934ca495991b7852b855,e3b0c44298fc1c149afbf4c8996fb92427ae41e4649b934ca495991b7852b855
references/02-h3-field-mapping.md,41,references/02-h3-field-mapping.zh-CN.md,84,8721d7ccd3963234701c96d549196285adaba8bdc4ee05067dce241d19a74388,110074153c63f329b95e62246d87d31f07b00dd2aadc64cdb7e780264816f315
references/02-h3-field-mapping.md,42,references/02-h3-field-mapping.zh-CN.md,85,e3b0c44298fc1c149afbf4c8996fb92427ae41e4649b934ca495991b7852b855,e3b0c44298fc1c149afbf4c8996fb92427ae41e4649b934ca495991b7852b855
references/02-h3-field-mapping.md,43,references/02-h3-field-mapping.zh-CN.md,86,ec4d68f399404a30c9b00852ac500e123750ac4bd49700be40ff4acb0c0a4ed2,9b1ff4e3ff5df83444f4a9172cfcc21e5b7ba99e3faa6889ad6b3cfbc57ee34f
references/02-h3-field-mapping.md,44,references/02-h3-field-mapping.zh-CN.md,87,e3b0c44298fc1c149afbf4c8996fb92427ae41e4649b934ca495991b7852b855,e3b0c44298fc1c149afbf4c8996fb92427ae41e4649b934ca495991b7852b855
references/02-h3-field-mapping.md,45,references/02-h3-field-mapping.zh-CN.md,88,31084790caf0cd18511ce25bb077ba8885d8d88ec0441d4bf34beac445eb5568,a65a540e24ae1b27fdb9f34764b9da5b197b34826f8829b60519d03d95ebd1a8
references/02-h3-field-mapping.md,46,references/02-h3-field-mapping.zh-CN.md,89,e3b0c44298fc1c149afbf4c8996fb92427ae41e4649b934ca495991b7852b855,e3b0c44298fc1c149afbf4c8996fb92427ae41e4649b934ca495991b7852b855
references/02-h3-field-mapping.md,47,references/02-h3-field-mapping.zh-CN.md,90,fdf4e8a06faa9d722ddf58158a2b86459896326f0193d0350f537d9f4cddc4a2,84195d40613291a856eb4a69df9cc097793b5b8096c21f186377561703257d51
references/02-h3-field-mapping.md,48,references/02-h3-field-mapping.zh-CN.md,91,e3b0c44298fc1c149afbf4c8996fb92427ae41e4649b934ca495991b7852b855,e3b0c44298fc1c149afbf4c8996fb92427ae41e4649b934ca495991b7852b855
references/02-h3-field-mapping.md,49,references/02-h3-field-mapping.zh-CN.md,92,ec29d651afe327051ec0691ee7fdbe1a0a6a231aff9cd45f2b8013094968806e,3a8b7a5e1d410cb099ae6dd50bf53b439b9ee04af38cf84c94ba0e35e7f423f3
references/02-h3-field-mapping.md,50,references/02-h3-field-mapping.zh-CN.md,93,e3b0c44298fc1c149afbf4c8996fb92427ae41e4649b934ca495991b7852b855,e3b0c44298fc1c149afbf4c8996fb92427ae41e4649b934ca495991b7852b855
references/02-h3-field-mapping.md,51,references/02-h3-field-mapping.zh-CN.md,94,f7c776fdacfae49806181514d7682f8953e8930da2d6095256bc6391103661ab,2bad4061b7beca3e8e4bf3bcb10ce56f18b4f5c7b36de63ffe7c6b4fc96406ba
references/02-h3-field-mapping.md,52,references/02-h3-field-mapping.zh-CN.md,95,e3b0c44298fc1c149afbf4c8996fb92427ae41e4649b934ca495991b7852b855,e3b0c44298fc1c149afbf4c8996fb92427ae41e4649b934ca495991b7852b855
references/02-h3-field-mapping.md,53,references/02-h3-field-mapping.zh-CN.md,96,4a3aa5d19d9a5ca0a470bf1be6947306ba717e1fef936771a1b10d0a639d95ed,008a1cf15c1f8764b8de9528ccc52488c1706858226514e1193e368b2439010c
references/02-h3-field-mapping.md,54,references/02-h3-field-mapping.zh-CN.md,97,e3b0c44298fc1c149afbf4c8996fb92427ae41e4649b934ca495991b7852b855,e3b0c44298fc1c149afbf4c8996fb92427ae41e4649b934ca495991b7852b855
references/02-h3-field-mapping.md,55,references/02-h3-field-mapping.zh-CN.md,98,82895e8ac7514e59073e8b0114e4615675088ae1d08941ba710a5f954b035e50,7562deafff2b305c4c7f4a0ecdcbe807750c89a8b69e318ac29159274887c46c
references/02-h3-field-mapping.md,56,references/02-h3-field-mapping.zh-CN.md,99,e3b0c44298fc1c149afbf4c8996fb92427ae41e4649b934ca495991b7852b855,e3b0c44298fc1c149afbf4c8996fb92427ae41e4649b934ca495991b7852b855
references/02-h3-field-mapping.md,57,references/02-h3-field-mapping.zh-CN.md,100,c4a018901641dfc5a2182393bb2d8f769562dcafc232aa16f8d12194b90eb7e0,1d17e90a5a876f16bcc7fcf70a902ccd5dfb45adbde6833168275b9efd048281
references/02-h3-field-mapping.md,58,references/02-h3-field-mapping.zh-CN.md,101,f1b901847390b0ed7e374e7c1e464ec17b46a427c487a5ad6cbd2906405083d5,f1b901847390b0ed7e374e7c1e464ec17b46a427c487a5ad6cbd2906405083d5
references/02-h3-field-mapping.md,59,references/02-h3-field-mapping.zh-CN.md,102,e3b0c44298fc1c149afbf4c8996fb92427ae41e4649b934ca495991b7852b855,e3b0c44298fc1c149afbf4c8996fb92427ae41e4649b934ca495991b7852b855
references/02-h3-field-mapping.md,60,references/02-h3-field-mapping.zh-CN.md,103,e1fac15748138242d947f9a5cd4cf2bb47ac34a2e700d4a5fa2e8abda902e657,e1fac15748138242d947f9a5cd4cf2bb47ac34a2e700d4a5fa2e8abda902e657
references/02-h3-field-mapping.md,61,references/02-h3-field-mapping.zh-CN.md,104,e3b0c44298fc1c149afbf4c8996fb92427ae41e4649b934ca495991b7852b855,e3b0c44298fc1c149afbf4c8996fb92427ae41e4649b934ca495991b7852b855
references/02-h3-field-mapping.md,62,references/02-h3-field-mapping.zh-CN.md,105,4adf1747eddad28f54b58cd4ff5990534f5d7187668c4c5225937f7d6f48211c,4adf1747eddad28f54b58cd4ff5990534f5d7187668c4c5225937f7d6f48211c
references/02-h3-field-mapping.md,63,references/02-h3-field-mapping.zh-CN.md,106,23cca02b74f386463efa24796c7a9011b0d2c93f0c38b4d15d5d276205b59b43,23cca02b74f386463efa24796c7a9011b0d2c93f0c38b4d15d5d276205b59b43
references/02-h3-field-mapping.md,64,references/02-h3-field-mapping.zh-CN.md,107,d67e932666680faf111c44e2942f11e374d90e1e4b12f0843984e7bb623b6924,d67e932666680faf111c44e2942f11e374d90e1e4b12f0843984e7bb623b6924
references/02-h3-field-mapping.md,65,references/02-h3-field-mapping.zh-CN.md,108,565be5a61a5bc56b5cc8f6cf5a5ee89d6e3dce4efeac2af5b47e47d470842ae5,565be5a61a5bc56b5cc8f6cf5a5ee89d6e3dce4efeac2af5b47e47d470842ae5
references/02-h3-field-mapping.md,66,references/02-h3-field-mapping.zh-CN.md,109,f56e70e688a5f447c393cec90cd93140e727d7fb0247189a63ed253290174ba6,9110e0596b06a497c421186980320a84d2ccd4453a30420a3500b20ac1d9403b
references/02-h3-field-mapping.md,67,references/02-h3-field-mapping.zh-CN.md,110,e3b0c44298fc1c149afbf4c8996fb92427ae41e4649b934ca495991b7852b855,e3b0c44298fc1c149afbf4c8996fb92427ae41e4649b934ca495991b7852b855
references/02-h3-field-mapping.md,68,references/02-h3-field-mapping.zh-CN.md,111,da091a11fba2263f684f0ce8e316c610a3367f272a841c934cfe85d2ca96dd1b,da091a11fba2263f684f0ce8e316c610a3367f272a841c934cfe85d2ca96dd1b
references/02-h3-field-mapping.md,69,references/02-h3-field-mapping.zh-CN.md,112,e3b0c44298fc1c149afbf4c8996fb92427ae41e4649b934ca495991b7852b855,e3b0c44298fc1c149afbf4c8996fb92427ae41e4649b934ca495991b7852b855
references/02-h3-field-mapping.md,70,references/02-h3-field-mapping.zh-CN.md,113,4452f36ed07440a1a92f9ab7843fecc9e7e819144baf82c7cd9eea619ed09868,d22e042defb6488258e43a70239ce189347bf34dd6b2877d580b2f6a068252f9
references/02-h3-field-mapping.md,71,references/02-h3-field-mapping.zh-CN.md,114,33195ee12ecd798375dd435967d99792efda8be42ce18d0629364ab988bfeb88,133c61f637c20be9177cd8797275d7654b84d84adea8ae894113b3e6fdd2382f
references/02-h3-field-mapping.md,72,references/02-h3-field-mapping.zh-CN.md,115,4423c650c590f06e09a15a3b9507573b5f47fb72b26e304f3cf8a2ca84775e35,4423c650c590f06e09a15a3b9507573b5f47fb72b26e304f3cf8a2ca84775e35
references/02-h3-field-mapping.md,73,references/02-h3-field-mapping.zh-CN.md,116,e3b0c44298fc1c149afbf4c8996fb92427ae41e4649b934ca495991b7852b855,e3b0c44298fc1c149afbf4c8996fb92427ae41e4649b934ca495991b7852b855
references/02-h3-field-mapping.md,74,references/02-h3-field-mapping.zh-CN.md,117,d44c491f7efe7a21bfeac9f3416d0bcf812d4bac3ee8bf5f7b2e036b3cf13bfd,d44c491f7efe7a21bfeac9f3416d0bcf812d4bac3ee8bf5f7b2e036b3cf13bfd
references/02-h3-field-mapping.md,75,references/02-h3-field-mapping.zh-CN.md,118,e3b0c44298fc1c149afbf4c8996fb92427ae41e4649b934ca495991b7852b855,e3b0c44298fc1c149afbf4c8996fb92427ae41e4649b934ca495991b7852b855
references/02-h3-field-mapping.md,76,references/02-h3-field-mapping.zh-CN.md,119,f54c75065d651ad9d9028ed46bbf1fc90b763c4518b71039df9635d5eb351386,b29a1554b1a7d1206873f2dca20ba70775b0254def1eec1970902a9e37012815
references/03-edit-effects.md,1,references/03-edit-effects.zh-CN.md,44,5daad2af0d3f913eacca22d1985483487a3ab158f0fe9266ee28787ddafcdf38,5daad2af0d3f913eacca22d1985483487a3ab158f0fe9266ee28787ddafcdf38
references/03-edit-effects.md,2,references/03-edit-effects.zh-CN.md,45,e3b0c44298fc1c149afbf4c8996fb92427ae41e4649b934ca495991b7852b855,e3b0c44298fc1c149afbf4c8996fb92427ae41e4649b934ca495991b7852b855
references/03-edit-effects.md,3,references/03-edit-effects.zh-CN.md,46,376ed24cbbc939ea88f6fc9514c9f583ed45d66bf97f0277017dfdec16ff0a52,376ed24cbbc939ea88f6fc9514c9f583ed45d66bf97f0277017dfdec16ff0a52
references/03-edit-effects.md,4,references/03-edit-effects.zh-CN.md,47,e3b0c44298fc1c149afbf4c8996fb92427ae41e4649b934ca495991b7852b855,e3b0c44298fc1c149afbf4c8996fb92427ae41e4649b934ca495991b7852b855
references/03-edit-effects.md,5,references/03-edit-effects.zh-CN.md,48,59ea5abd312427323b94d9d68634a73e9bb54d00a37b87c28fc9dadab4b1cf4f,59ea5abd312427323b94d9d68634a73e9bb54d00a37b87c28fc9dadab4b1cf4f
references/03-edit-effects.md,6,references/03-edit-effects.zh-CN.md,49,ba658612f7e3167235b08f5fe040f5f91f5f06cd1c1ab25d9ea015b28d0fc87d,ba658612f7e3167235b08f5fe040f5f91f5f06cd1c1ab25d9ea015b28d0fc87d
references/03-edit-effects.md,7,references/03-edit-effects.zh-CN.md,50,36e84122d05589f337b811e037c5cc14d0cbf7dc117710eb3b1d9f0e1f84c386,36e84122d05589f337b811e037c5cc14d0cbf7dc117710eb3b1d9f0e1f84c386
references/03-edit-effects.md,8,references/03-edit-effects.zh-CN.md,51,cf35704b3a9942114b6c6b4520274815bfe1588ce4681c5a3779cd6f869a2b07,cf35704b3a9942114b6c6b4520274815bfe1588ce4681c5a3779cd6f869a2b07
references/03-edit-effects.md,9,references/03-edit-effects.zh-CN.md,52,867e1002ba074f188095eece0d898cffa3e3a75f1a05fcf09eade35230cb7689,867e1002ba074f188095eece0d898cffa3e3a75f1a05fcf09eade35230cb7689
references/03-edit-effects.md,10,references/03-edit-effects.zh-CN.md,53,e3b0c44298fc1c149afbf4c8996fb92427ae41e4649b934ca495991b7852b855,e3b0c44298fc1c149afbf4c8996fb92427ae41e4649b934ca495991b7852b855
references/03-edit-effects.md,11,references/03-edit-effects.zh-CN.md,54,1003dc0a6caad65e83defe81faa829cd8ff740d2df528fe6cc069339e071e73e,1003dc0a6caad65e83defe81faa829cd8ff740d2df528fe6cc069339e071e73e
references/03-edit-effects.md,12,references/03-edit-effects.zh-CN.md,55,e3b0c44298fc1c149afbf4c8996fb92427ae41e4649b934ca495991b7852b855,e3b0c44298fc1c149afbf4c8996fb92427ae41e4649b934ca495991b7852b855
references/03-edit-effects.md,13,references/03-edit-effects.zh-CN.md,56,35d8c77931a70f2fb54ba1867b30fde420a8f7fd1e9df27abf1c3bcda34ae04c,7bbd4b6860e51b7d3130d01b2b28f52da502a9ad6fe6a8848e097c4cd153d0be
references/03-edit-effects.md,14,references/03-edit-effects.zh-CN.md,57,e3b0c44298fc1c149afbf4c8996fb92427ae41e4649b934ca495991b7852b855,e3b0c44298fc1c149afbf4c8996fb92427ae41e4649b934ca495991b7852b855
references/03-edit-effects.md,15,references/03-edit-effects.zh-CN.md,58,bde1ce208688cce531a8cf467216012f9241997e7356f0e7d20dfa5326d49356,c868ebd3f367e77ecbf7c1c8e1d0f52fea1cc45cba403eefd3232d6cddd420f5
references/03-edit-effects.md,16,references/03-edit-effects.zh-CN.md,59,e3b0c44298fc1c149afbf4c8996fb92427ae41e4649b934ca495991b7852b855,e3b0c44298fc1c149afbf4c8996fb92427ae41e4649b934ca495991b7852b855
references/03-edit-effects.md,17,references/03-edit-effects.zh-CN.md,60,20665e9d9566ecfc3adb8b904a0e2743c5d72b7f3d6573b1435febcaa7f0513a,20665e9d9566ecfc3adb8b904a0e2743c5d72b7f3d6573b1435febcaa7f0513a
references/03-edit-effects.md,18,references/03-edit-effects.zh-CN.md,61,d44c065364b7bb128ce0ceb194024f35ececa39bb1830e729b861b9e10e98eb9,d44c065364b7bb128ce0ceb194024f35ececa39bb1830e729b861b9e10e98eb9
references/03-edit-effects.md,19,references/03-edit-effects.zh-CN.md,62,a3694623fa4132385e8cb44f8915d25d0cb749afb26b385057522cacf97f1ed9,a3694623fa4132385e8cb44f8915d25d0cb749afb26b385057522cacf97f1ed9
references/03-edit-effects.md,20,references/03-edit-effects.zh-CN.md,63,5fc8ea970677f9b925b796a56fccd869f7420f8da5f2ffc8d60f1a368fcec6aa,76770fc9060138d2a14b6dd5043eac045f1c3350468fcb0947c89e9c7f67210f
references/03-edit-effects.md,21,references/03-edit-effects.zh-CN.md,64,e90d89043db743ab2b0beba7961d8b5f8abae8ed0e73d5599001ee8443ca53f3,ec8db729253c3cca576c4f3ef3ed6e0bd57a4ce2e8d1c809914cd50947c5d97c
references/03-edit-effects.md,22,references/03-edit-effects.zh-CN.md,65,e3b0c44298fc1c149afbf4c8996fb92427ae41e4649b934ca495991b7852b855,e3b0c44298fc1c149afbf4c8996fb92427ae41e4649b934ca495991b7852b855
references/03-edit-effects.md,23,references/03-edit-effects.zh-CN.md,66,2d3b6447a7c1a650bb3c258a56e8e44f18bcd3349176554cb92368b2e3991a3c,2d3b6447a7c1a650bb3c258a56e8e44f18bcd3349176554cb92368b2e3991a3c
references/03-edit-effects.md,24,references/03-edit-effects.zh-CN.md,67,e3b0c44298fc1c149afbf4c8996fb92427ae41e4649b934ca495991b7852b855,e3b0c44298fc1c149afbf4c8996fb92427ae41e4649b934ca495991b7852b855
references/03-edit-effects.md,25,references/03-edit-effects.zh-CN.md,68,d6d4af1b071c5e053aada59ee8ba13a8e6912bd9f6f764aa6a3f1e383611efc8,d6d4af1b071c5e053aada59ee8ba13a8e6912bd9f6f764aa6a3f1e383611efc8
references/03-edit-effects.md,26,references/03-edit-effects.zh-CN.md,69,b4a313791c1fbca2c1410d1d5b1190af4087723ec1b6c1c4ba776298d6dd6228,b4a313791c1fbca2c1410d1d5b1190af4087723ec1b6c1c4ba776298d6dd6228
references/03-edit-effects.md,27,references/03-edit-effects.zh-CN.md,70,0f82f1214d84a044b623a9dd663453d669a4b78ff4031781cee84681600c0b21,72583e9bca589756e467042a9fb094ada4ff5191b830653f7aed770cecae2aca
references/03-edit-effects.md,28,references/03-edit-effects.zh-CN.md,71,1ee6550d9addb4a1a2ad83ae150090b2d5ce9436b6f696624883bd31fc6b4298,822b56550e681a49e09dae7feaac5d6b057f442fe122aa5294d64655f8918f7b
references/03-edit-effects.md,29,references/03-edit-effects.zh-CN.md,72,f1b901847390b0ed7e374e7c1e464ec17b46a427c487a5ad6cbd2906405083d5,f1b901847390b0ed7e374e7c1e464ec17b46a427c487a5ad6cbd2906405083d5
references/03-edit-effects.md,30,references/03-edit-effects.zh-CN.md,73,67822dcbe410cd054108a068d21a85432ceaeb992057148e18b241f34788fe09,67822dcbe410cd054108a068d21a85432ceaeb992057148e18b241f34788fe09
references/03-edit-effects.md,31,references/03-edit-effects.zh-CN.md,74,b4a313791c1fbca2c1410d1d5b1190af4087723ec1b6c1c4ba776298d6dd6228,b4a313791c1fbca2c1410d1d5b1190af4087723ec1b6c1c4ba776298d6dd6228
references/03-edit-effects.md,32,references/03-edit-effects.zh-CN.md,75,1f78fe8760e38db53c5d8bc5cd6a4986a8d71fd6b6d47580db83d54ce81ac696,0105a4ade7f4b10f9fe32ca5b27992e2444246a0a64272b40b7ac0e428a1bcfc
references/03-edit-effects.md,33,references/03-edit-effects.zh-CN.md,76,f1b901847390b0ed7e374e7c1e464ec17b46a427c487a5ad6cbd2906405083d5,f1b901847390b0ed7e374e7c1e464ec17b46a427c487a5ad6cbd2906405083d5
references/03-edit-effects.md,34,references/03-edit-effects.zh-CN.md,77,e3b0c44298fc1c149afbf4c8996fb92427ae41e4649b934ca495991b7852b855,e3b0c44298fc1c149afbf4c8996fb92427ae41e4649b934ca495991b7852b855
references/03-edit-effects.md,35,references/03-edit-effects.zh-CN.md,78,d145b2494c34b1263d8361b27bfb4cc6aa1cb74304e0d31175706ca0d7f20de3,d145b2494c34b1263d8361b27bfb4cc6aa1cb74304e0d31175706ca0d7f20de3
references/03-edit-effects.md,36,references/03-edit-effects.zh-CN.md,79,e3b0c44298fc1c149afbf4c8996fb92427ae41e4649b934ca495991b7852b855,e3b0c44298fc1c149afbf4c8996fb92427ae41e4649b934ca495991b7852b855
references/03-edit-effects.md,37,references/03-edit-effects.zh-CN.md,80,f4df307b93c151aceb67d3cbe3259f6f6a6f77425e54ba04eb114d742c8a2d81,f4df307b93c151aceb67d3cbe3259f6f6a6f77425e54ba04eb114d742c8a2d81
references/03-edit-effects.md,38,references/03-edit-effects.zh-CN.md,81,b4a313791c1fbca2c1410d1d5b1190af4087723ec1b6c1c4ba776298d6dd6228,b4a313791c1fbca2c1410d1d5b1190af4087723ec1b6c1c4ba776298d6dd6228
references/03-edit-effects.md,39,references/03-edit-effects.zh-CN.md,82,2f6f85beecb01f5f9e02bae3fa7e6cd68c28fa847536dd09e316232dc4605501,80580acdb1f1896a8ebdbb7786a3a3130e88ce5b18cca4068ddee588f4da2b03
references/03-edit-effects.md,40,references/03-edit-effects.zh-CN.md,83,03a8ca439b68bc0cb87b54f06f21feaf9c1f7298b8da35e5cf3f67610027dc67,a357e49d5dcc0ede475c790fe62b55b4d9d47e94d4e9fdeb4165d7a46bd5c505
references/03-edit-effects.md,41,references/03-edit-effects.zh-CN.md,84,249089b527d314bbfffbcb9ce11bb2e4a16fe42d33c934540bf317147819d3ce,e0c78167ccf616f9a7c3d6de3d42331f3b0b675db002691d675e569291ebe779
references/03-edit-effects.md,42,references/03-edit-effects.zh-CN.md,85,02d7e1ab7b822adf64fd371d3f884f0fa225a111965011eb2c21c46987701793,5c506bf82223074f19a682de4e97406385f9c73d8a3e0a79586690742a4e3ecb
references/03-edit-effects.md,43,references/03-edit-effects.zh-CN.md,86,1e425710b1843161ed9ea288728c6db2bac301ef588485d9a77352e2b8b94f52,7a64303884ddfe961522122f761157737a1acaddd7ddf9ba7a43eb23fbb142ae
references/03-edit-effects.md,44,references/03-edit-effects.zh-CN.md,87,11782415d1c4513763af3cb206fe1208e4d2e5a14ae97a631099c3a39f24726b,6e49dd8136d13e1fc9cf820b3ff0db6990fbad25771e348f291d919fb3dd5f87
references/03-edit-effects.md,45,references/03-edit-effects.zh-CN.md,88,f1b901847390b0ed7e374e7c1e464ec17b46a427c487a5ad6cbd2906405083d5,f1b901847390b0ed7e374e7c1e464ec17b46a427c487a5ad6cbd2906405083d5
references/03-edit-effects.md,46,references/03-edit-effects.zh-CN.md,89,e3b0c44298fc1c149afbf4c8996fb92427ae41e4649b934ca495991b7852b855,e3b0c44298fc1c149afbf4c8996fb92427ae41e4649b934ca495991b7852b855
references/03-edit-effects.md,47,references/03-edit-effects.zh-CN.md,90,0d070f2851d8716b8dc2f9e3eafacd6729f0e4e61c7c12e58f3c3aacdfe503a0,0d070f2851d8716b8dc2f9e3eafacd6729f0e4e61c7c12e58f3c3aacdfe503a0
references/03-edit-effects.md,48,references/03-edit-effects.zh-CN.md,91,86568baa7d9c1c3a4892f7edd802e8f9939cdd489c253945df0b05936f6ecfa6,43345c7143503b012a69b41d81d6a58b07d55c7850ccbeff47acecb3b896254a
references/03-edit-effects.md,49,references/03-edit-effects.zh-CN.md,92,12af00ef4beed04e98324a76d971f94419a92b77311cf21629020e3449b8f457,12af00ef4beed04e98324a76d971f94419a92b77311cf21629020e3449b8f457
references/03-edit-effects.md,50,references/03-edit-effects.zh-CN.md,93,81e6d7b1537d1ba14a6b6132203f0826763bf51ef950e203946ed549e78bdbda,8f0e95bf4b4ce58771319d6a538e7df11e207310d1681b2bb3c96b63e5ec0449
references/03-edit-effects.md,51,references/03-edit-effects.zh-CN.md,94,669ca2b7516b19ef01063f1f1fbd322a0a754b152743e77fc6d8899c0012bbd5,e073ac1fd54bb486737d2705097f99a9c00aa9018a150178d8535155aa8800c2
references/03-edit-effects.md,52,references/03-edit-effects.zh-CN.md,95,0f678a865fc35e7b0e5feaa0be8a35b68aff274c8afd8e042a25d1a80fa97588,15a77ea19654a55cb72558429fec10d88638c4d8f7ed4f91cb0972dbac445067
references/03-edit-effects.md,53,references/03-edit-effects.zh-CN.md,96,e3b0c44298fc1c149afbf4c8996fb92427ae41e4649b934ca495991b7852b855,e3b0c44298fc1c149afbf4c8996fb92427ae41e4649b934ca495991b7852b855
references/03-edit-effects.md,54,references/03-edit-effects.zh-CN.md,97,d837f82336f58ec3ae2de146b091c3959d6e86e7fa96645570f3f23e1c039945,6015c1cad49dd8526f37f99e7fedf91a982cfcee060ea6318c857be66ba32166
references/03-edit-effects.md,55,references/03-edit-effects.zh-CN.md,98,e3b0c44298fc1c149afbf4c8996fb92427ae41e4649b934ca495991b7852b855,e3b0c44298fc1c149afbf4c8996fb92427ae41e4649b934ca495991b7852b855
references/03-edit-effects.md,56,references/03-edit-effects.zh-CN.md,99,a4899d8b5e59ffb975d1ba24b6dadfd23bd4892998a1ba122c15047dc3df6cb7,a4899d8b5e59ffb975d1ba24b6dadfd23bd4892998a1ba122c15047dc3df6cb7
references/03-edit-effects.md,57,references/03-edit-effects.zh-CN.md,100,b4a313791c1fbca2c1410d1d5b1190af4087723ec1b6c1c4ba776298d6dd6228,b4a313791c1fbca2c1410d1d5b1190af4087723ec1b6c1c4ba776298d6dd6228
references/03-edit-effects.md,58,references/03-edit-effects.zh-CN.md,101,8a39bc06d1701c2e43f8b4228e9ca100c616302096e303dbffbe0a5005039247,eb46a281f959d8c9b0660bbbee0231e7175dea44451ee3b4b75170e0a5b2d91d
references/03-edit-effects.md,59,references/03-edit-effects.zh-CN.md,102,c75910784edb83ef31d5990e81e97e34f832b08545aca470936d8a23f46951dc,e6689194d2ec617b2109f0a3e278650dbade6b7f49ce3fca9ce79db74887644f
references/03-edit-effects.md,60,references/03-edit-effects.zh-CN.md,103,2f57f56f1cb811f24fcdbc189fa3b4a53538fbc8e6ddfb148ad29e7263b7c7c5,f9fc4f5b760d43f6d9436ba447833b57c7dd0d17127cec2da439ffbae934e461
references/03-edit-effects.md,61,references/03-edit-effects.zh-CN.md,104,f29d4dec0be9ec604af267deb3b548d42db69afd2f4930deb55885cec7e0a887,5fe6ef94f7f4a4c3db7e09bc9a062557f394c2eb73bc3b51af686caebfedd780
references/03-edit-effects.md,62,references/03-edit-effects.zh-CN.md,105,2228be5cdf3b5f9fe208330af1fa6f159980a2aed3b0a1b5574836bac040cfb6,d40f81faddd16a49fb6f0c24aef9771936a56adbe1dfe421b9cdf719f4d5c66c
references/03-edit-effects.md,63,references/03-edit-effects.zh-CN.md,106,f1b901847390b0ed7e374e7c1e464ec17b46a427c487a5ad6cbd2906405083d5,f1b901847390b0ed7e374e7c1e464ec17b46a427c487a5ad6cbd2906405083d5
references/03-edit-effects.md,64,references/03-edit-effects.zh-CN.md,107,e3b0c44298fc1c149afbf4c8996fb92427ae41e4649b934ca495991b7852b855,e3b0c44298fc1c149afbf4c8996fb92427ae41e4649b934ca495991b7852b855
references/03-edit-effects.md,65,references/03-edit-effects.zh-CN.md,108,5d7c3b26261876b03cf37e21ee8a3d535f75bb7ea2e9274ed2df75206bc4d19f,5d7c3b26261876b03cf37e21ee8a3d535f75bb7ea2e9274ed2df75206bc4d19f
references/03-edit-effects.md,66,references/03-edit-effects.zh-CN.md,109,e3b0c44298fc1c149afbf4c8996fb92427ae41e4649b934ca495991b7852b855,e3b0c44298fc1c149afbf4c8996fb92427ae41e4649b934ca495991b7852b855
references/03-edit-effects.md,67,references/03-edit-effects.zh-CN.md,110,1435eeaa615b464a79034f4a62fee2199fefba2b3c20df42934f6f7dd6656c7a,9f563d4ea5eeddbd26c843177287d0b0cc95965d31909b047711ca2459d620c2
references/03-edit-effects.md,68,references/03-edit-effects.zh-CN.md,111,c3ff12e5717917f12db20688b7061f596a6ea0ce28dab0246c58d7469a259f4f,eca063cd8c96c1aa1988734dababc567e9d4ee155f52c8e89dec06266c168d71
references/03-edit-effects.md,69,references/03-edit-effects.zh-CN.md,112,e1aa6ffd3dfe0213957b0931b0426f9d3a6012f6df4f674c661a59f21a94527b,9565be605dc50b930f41e7cd77787b628ca08d2e8be62479f640fd339b6ce92f
references/03-edit-effects.md,70,references/03-edit-effects.zh-CN.md,113,1bed261415e121ca5c3d3a46ad59f9a0fb49dd9fea5c124159d741d56b3c2b2b,1bed261415e121ca5c3d3a46ad59f9a0fb49dd9fea5c124159d741d56b3c2b2b
references/03-edit-effects.md,71,references/03-edit-effects.zh-CN.md,114,e3b0c44298fc1c149afbf4c8996fb92427ae41e4649b934ca495991b7852b855,e3b0c44298fc1c149afbf4c8996fb92427ae41e4649b934ca495991b7852b855
references/03-edit-effects.md,72,references/03-edit-effects.zh-CN.md,115,b15f9e4378bcc7093e0fdc8a405c4f609b87d6618c5e9fed4b290a12e85905c4,b15f9e4378bcc7093e0fdc8a405c4f609b87d6618c5e9fed4b290a12e85905c4
references/03-edit-effects.md,73,references/03-edit-effects.zh-CN.md,116,e3b0c44298fc1c149afbf4c8996fb92427ae41e4649b934ca495991b7852b855,e3b0c44298fc1c149afbf4c8996fb92427ae41e4649b934ca495991b7852b855
references/03-edit-effects.md,74,references/03-edit-effects.zh-CN.md,117,b4a313791c1fbca2c1410d1d5b1190af4087723ec1b6c1c4ba776298d6dd6228,b4a313791c1fbca2c1410d1d5b1190af4087723ec1b6c1c4ba776298d6dd6228
references/03-edit-effects.md,75,references/03-edit-effects.zh-CN.md,118,f7cb0ab14a691b19ae7e64c143671a97e0892fbb68c732d223b6193689d82fc2,039b514fc234f00d8c35fa97f2fad899d5f92cbe9505fb22be8a736bd9f77213
references/03-edit-effects.md,76,references/03-edit-effects.zh-CN.md,119,1c15f8d1a591882c65887e92354a33c0aaf0c6cb62cff55b2c422aa0edd04622,159e7472a88cb4ace56403820f075b8b7ffdc721958818d036791ada696c86eb
references/03-edit-effects.md,77,references/03-edit-effects.zh-CN.md,120,5f0e84481622597069415e5c534cb7e2cb69ba38193d8e4490fbdbaf13715e89,74741a0fd6acb4c7384c5a26a3ecaab25d6bdba4720515b5ee4922aff149725b
references/03-edit-effects.md,78,references/03-edit-effects.zh-CN.md,121,f1b901847390b0ed7e374e7c1e464ec17b46a427c487a5ad6cbd2906405083d5,f1b901847390b0ed7e374e7c1e464ec17b46a427c487a5ad6cbd2906405083d5
references/04-coser-replacement.md,1,references/04-coser-replacement.zh-CN.md,50,140f4f737c672da4b84ce983a4ed032413260b8a568545604ae066866aa66c69,b8b447139bb062e758b982759410d13ffe4ee026105e202fa270e2e31a96cc49
references/04-coser-replacement.md,2,references/04-coser-replacement.zh-CN.md,51,e3b0c44298fc1c149afbf4c8996fb92427ae41e4649b934ca495991b7852b855,e3b0c44298fc1c149afbf4c8996fb92427ae41e4649b934ca495991b7852b855
references/04-coser-replacement.md,3,references/04-coser-replacement.zh-CN.md,52,464f03f34a9f73393536affcf471ca6601b6a596ed64f672f5935e7651cd918e,5275d83d46b206ab40fcadc84ba580b98436420f1dc8ce02fc32f183357ed309
references/04-coser-replacement.md,4,references/04-coser-replacement.zh-CN.md,53,e3b0c44298fc1c149afbf4c8996fb92427ae41e4649b934ca495991b7852b855,e3b0c44298fc1c149afbf4c8996fb92427ae41e4649b934ca495991b7852b855
references/04-coser-replacement.md,5,references/04-coser-replacement.zh-CN.md,54,0a1c070a385b5266240ce9b96ff7c73c1db52bfdbd2530eccdd434641b039d81,0a1c070a385b5266240ce9b96ff7c73c1db52bfdbd2530eccdd434641b039d81
references/04-coser-replacement.md,6,references/04-coser-replacement.zh-CN.md,55,e3b0c44298fc1c149afbf4c8996fb92427ae41e4649b934ca495991b7852b855,e3b0c44298fc1c149afbf4c8996fb92427ae41e4649b934ca495991b7852b855
references/04-coser-replacement.md,7,references/04-coser-replacement.zh-CN.md,56,aee35c838fb3e311cb6c596e9f81b32469b0e07a24295ba9dc331cc2c3ef6d5f,aee35c838fb3e311cb6c596e9f81b32469b0e07a24295ba9dc331cc2c3ef6d5f
references/04-coser-replacement.md,8,references/04-coser-replacement.zh-CN.md,57,d72a29a57d00778cbf4d379d745b23bcce91d08283ae985ae5cdf8f7ee63a09c,19238dd4c7b27292a9e581aee7384d218be536ec3484ad7794f0eaaa86d40558
references/04-coser-replacement.md,9,references/04-coser-replacement.zh-CN.md,58,e3b0c44298fc1c149afbf4c8996fb92427ae41e4649b934ca495991b7852b855,e3b0c44298fc1c149afbf4c8996fb92427ae41e4649b934ca495991b7852b855
references/04-coser-replacement.md,10,references/04-coser-replacement.zh-CN.md,59,94dd3c6010db781282a4f29f0f79c0bad0553ccabecd7d485dd3003b59b58675,94dd3c6010db781282a4f29f0f79c0bad0553ccabecd7d485dd3003b59b58675
references/04-coser-replacement.md,11,references/04-coser-replacement.zh-CN.md,60,4f61ac59109e7712ffcfb109f605f783c75e3e59bcf640b9f2bd9bd4bcde4479,4f61ac59109e7712ffcfb109f605f783c75e3e59bcf640b9f2bd9bd4bcde4479
references/04-coser-replacement.md,12,references/04-coser-replacement.zh-CN.md,61,6c0bba73f23dbb9deb731878eb4f2b202a4b9bfb0bf24903fb64d9806ab5edd7,6c0bba73f23dbb9deb731878eb4f2b202a4b9bfb0bf24903fb64d9806ab5edd7
references/04-coser-replacement.md,13,references/04-coser-replacement.zh-CN.md,62,6f3d93f53475635079569dfff0ebf38634c0cd2bd65bcc42114df3b1a31ed1eb,f8dfc6a009edf4865a422410d08cda26dd02ad09b0ca1b7d0946516b53063426
references/04-coser-replacement.md,14,references/04-coser-replacement.zh-CN.md,63,e3b0c44298fc1c149afbf4c8996fb92427ae41e4649b934ca495991b7852b855,e3b0c44298fc1c149afbf4c8996fb92427ae41e4649b934ca495991b7852b855
references/04-coser-replacement.md,15,references/04-coser-replacement.zh-CN.md,64,180d82a7860040d3fbcaa0f7052498981c6665e9954283d888b551ec43fddf46,180d82a7860040d3fbcaa0f7052498981c6665e9954283d888b551ec43fddf46
references/04-coser-replacement.md,16,references/04-coser-replacement.zh-CN.md,65,e3b0c44298fc1c149afbf4c8996fb92427ae41e4649b934ca495991b7852b855,e3b0c44298fc1c149afbf4c8996fb92427ae41e4649b934ca495991b7852b855
references/04-coser-replacement.md,17,references/04-coser-replacement.zh-CN.md,66,2fea777d058a14d7a6e11c98ccb0913a0b545b089b945f0fc0140db8033a8b97,2fea777d058a14d7a6e11c98ccb0913a0b545b089b945f0fc0140db8033a8b97
references/04-coser-replacement.md,18,references/04-coser-replacement.zh-CN.md,67,e3b0c44298fc1c149afbf4c8996fb92427ae41e4649b934ca495991b7852b855,e3b0c44298fc1c149afbf4c8996fb92427ae41e4649b934ca495991b7852b855
references/04-coser-replacement.md,19,references/04-coser-replacement.zh-CN.md,68,8d7be62f2935754da99e7c76191375271f63560db522bf5fb6f63eea6aefdce9,8d7be62f2935754da99e7c76191375271f63560db522bf5fb6f63eea6aefdce9
references/04-coser-replacement.md,20,references/04-coser-replacement.zh-CN.md,69,23cca02b74f386463efa24796c7a9011b0d2c93f0c38b4d15d5d276205b59b43,23cca02b74f386463efa24796c7a9011b0d2c93f0c38b4d15d5d276205b59b43
references/04-coser-replacement.md,21,references/04-coser-replacement.zh-CN.md,70,5060f4b06c148c03faa4f2a51bb99e4dfa9b8fab844839db085665872e134fa6,5060f4b06c148c03faa4f2a51bb99e4dfa9b8fab844839db085665872e134fa6
references/04-coser-replacement.md,22,references/04-coser-replacement.zh-CN.md,71,da8d8796ce8a26534a6b2a868077427ba67d40791a2c44fe108882761dd9616f,da8d8796ce8a26534a6b2a868077427ba67d40791a2c44fe108882761dd9616f
references/04-coser-replacement.md,23,references/04-coser-replacement.zh-CN.md,72,86437cafe7504413da71e3b293a54751c852d3ebff7ea979b09fe9c4a3f16dfc,86437cafe7504413da71e3b293a54751c852d3ebff7ea979b09fe9c4a3f16dfc
references/04-coser-replacement.md,24,references/04-coser-replacement.zh-CN.md,73,6cdd9110e8618afcca7e46267164bf14aa39bc6864e6656e4364c755ffde30cd,6cdd9110e8618afcca7e46267164bf14aa39bc6864e6656e4364c755ffde30cd
references/04-coser-replacement.md,25,references/04-coser-replacement.zh-CN.md,74,08ae680d711e9b30ee0acc0839077cd5e25473b92dda5dbfc94813937d81e3e3,08ae680d711e9b30ee0acc0839077cd5e25473b92dda5dbfc94813937d81e3e3
references/04-coser-replacement.md,26,references/04-coser-replacement.zh-CN.md,75,a2a81765f11c414807812443d9b47eb2729aa6007fa813c1300dbc952904e80d,a2a81765f11c414807812443d9b47eb2729aa6007fa813c1300dbc952904e80d
references/04-coser-replacement.md,27,references/04-coser-replacement.zh-CN.md,76,e3b0c44298fc1c149afbf4c8996fb92427ae41e4649b934ca495991b7852b855,e3b0c44298fc1c149afbf4c8996fb92427ae41e4649b934ca495991b7852b855
references/04-coser-replacement.md,28,references/04-coser-replacement.zh-CN.md,77,08f896a820021aa91a7b0453aa62930cfa644b92293d29f504409f8c4c762799,08f896a820021aa91a7b0453aa62930cfa644b92293d29f504409f8c4c762799
references/04-coser-replacement.md,29,references/04-coser-replacement.zh-CN.md,78,e3b0c44298fc1c149afbf4c8996fb92427ae41e4649b934ca495991b7852b855,e3b0c44298fc1c149afbf4c8996fb92427ae41e4649b934ca495991b7852b855
references/04-coser-replacement.md,30,references/04-coser-replacement.zh-CN.md,79,eec689eb749626fa73ceb6e4b4b84cce0274c8a4578fa1fb4c4b5c3ac76deb55,eec689eb749626fa73ceb6e4b4b84cce0274c8a4578fa1fb4c4b5c3ac76deb55
references/04-coser-replacement.md,31,references/04-coser-replacement.zh-CN.md,80,9879ed589de1e9623c1b3c83c966c03a013a6ad3bf0fa381a96c0c42e7e12fb7,9879ed589de1e9623c1b3c83c966c03a013a6ad3bf0fa381a96c0c42e7e12fb7
references/04-coser-replacement.md,32,references/04-coser-replacement.zh-CN.md,81,90b877d2c9a5fbc5f423da2e2cc1518ed2e90e92d9d0ce9967ee9f6633e8a33e,712c81276d638f8e816451c8ba71712c217d8178279c00a8bd50a82351faeb60
references/04-coser-replacement.md,33,references/04-coser-replacement.zh-CN.md,82,ae969e6fe432a774e6052cf85760b11e98f1e510dfb78767fb9e8fb31e933b2c,d284dab524cab91241a13dc3392f89aa0e44c128e9244c1303a0d37f4762f0e7
references/04-coser-replacement.md,34,references/04-coser-replacement.zh-CN.md,83,63d95aa60366948d5d5452766dee6d733c8ca20948987ea618bc0f861db3f142,63d95aa60366948d5d5452766dee6d733c8ca20948987ea618bc0f861db3f142
references/04-coser-replacement.md,35,references/04-coser-replacement.zh-CN.md,84,59114058d89402d2705cf56b9c8cd96feee5dd7b5433c8908ce0a6973cbfbf7a,b307a26244df0deecc9eed75b652c4b98973903c1e8011407435f3212661df84
references/04-coser-replacement.md,36,references/04-coser-replacement.zh-CN.md,85,e3b0c44298fc1c149afbf4c8996fb92427ae41e4649b934ca495991b7852b855,e3b0c44298fc1c149afbf4c8996fb92427ae41e4649b934ca495991b7852b855
references/04-coser-replacement.md,37,references/04-coser-replacement.zh-CN.md,86,d6363e4309914798df25ef5efe0d3c7427cd745ecea9cc88088300af9019be43,d4b978f80126fbf27a1cc44cb66da53eb3b1c1b0c2362c4867e9415c90f1c267
references/04-coser-replacement.md,38,references/04-coser-replacement.zh-CN.md,87,e3b0c44298fc1c149afbf4c8996fb92427ae41e4649b934ca495991b7852b855,e3b0c44298fc1c149afbf4c8996fb92427ae41e4649b934ca495991b7852b855
references/04-coser-replacement.md,39,references/04-coser-replacement.zh-CN.md,88,629660da889eb1dfa5205f1ac562aad651d8f5f6f76d679ffab9f7f12b44c8e5,4a7e4deae41e9b8da7583e0fdc2e9b98fae7037534ed304ed985d62b3b6723b6
references/04-coser-replacement.md,40,references/04-coser-replacement.zh-CN.md,89,32cf87f507346a38f535f75d12d2433ba211f13e4ed185308821813f62f4127e,32cf87f507346a38f535f75d12d2433ba211f13e4ed185308821813f62f4127e
references/04-coser-replacement.md,41,references/04-coser-replacement.zh-CN.md,90,21c7e574f6a0c843b94666d01afdcafd4bc5478f033997dedcb92daa5e46a5eb,407c4366a3098ac296723a96d1ba07aa013b29bfd63f5c5efd6b90fcd1ace2f2
references/04-coser-replacement.md,42,references/04-coser-replacement.zh-CN.md,91,884ed34604a5705e01c94e0967e9013f07c504285e144de2e33e7097020a9cec,fefa744b2ff338a84242bb1fa2f49783790f80e276657eca92c854d39ad8664c
references/04-coser-replacement.md,43,references/04-coser-replacement.zh-CN.md,92,22da62ad8df01880ff7e7f07228b3f0cadf992ccd3763c37778aac112325a923,427ce52804a66e0c4daae775d39f72a7b3d8d715057b0a100f9929c5a7390da7
references/04-coser-replacement.md,44,references/04-coser-replacement.zh-CN.md,93,e3b0c44298fc1c149afbf4c8996fb92427ae41e4649b934ca495991b7852b855,e3b0c44298fc1c149afbf4c8996fb92427ae41e4649b934ca495991b7852b855
references/04-coser-replacement.md,45,references/04-coser-replacement.zh-CN.md,94,f4051fa3490a84be096e59b717f2045fae688ded45b5fe958e90ae361fc5eabb,f4051fa3490a84be096e59b717f2045fae688ded45b5fe958e90ae361fc5eabb
references/04-coser-replacement.md,46,references/04-coser-replacement.zh-CN.md,95,e3b0c44298fc1c149afbf4c8996fb92427ae41e4649b934ca495991b7852b855,e3b0c44298fc1c149afbf4c8996fb92427ae41e4649b934ca495991b7852b855
references/04-coser-replacement.md,47,references/04-coser-replacement.zh-CN.md,96,ca69e17dac9522fc303cf2c9758a107bef3b067133082b7122e20390b4c24504,26f75d59dbb66b45daf3e5b6a0e43b3a730cd156d113be55fd0af4cb990c8a50
references/04-coser-replacement.md,48,references/04-coser-replacement.zh-CN.md,97,23cca02b74f386463efa24796c7a9011b0d2c93f0c38b4d15d5d276205b59b43,23cca02b74f386463efa24796c7a9011b0d2c93f0c38b4d15d5d276205b59b43
references/04-coser-replacement.md,49,references/04-coser-replacement.zh-CN.md,98,816865a0b88d27ea1cd01ceea7689362927db33deadcad60fd422e3e7fe120a3,816865a0b88d27ea1cd01ceea7689362927db33deadcad60fd422e3e7fe120a3
references/04-coser-replacement.md,50,references/04-coser-replacement.zh-CN.md,99,e3b0c44298fc1c149afbf4c8996fb92427ae41e4649b934ca495991b7852b855,e3b0c44298fc1c149afbf4c8996fb92427ae41e4649b934ca495991b7852b855
references/04-coser-replacement.md,51,references/04-coser-replacement.zh-CN.md,100,a9ef13a63a8156b9c6a9c4f4568dc453a556be2d9c3447a060777b17ffe88203,a9ef13a63a8156b9c6a9c4f4568dc453a556be2d9c3447a060777b17ffe88203
references/04-coser-replacement.md,52,references/04-coser-replacement.zh-CN.md,101,e3b0c44298fc1c149afbf4c8996fb92427ae41e4649b934ca495991b7852b855,e3b0c44298fc1c149afbf4c8996fb92427ae41e4649b934ca495991b7852b855
references/04-coser-replacement.md,53,references/04-coser-replacement.zh-CN.md,102,a431ba6fcc0dc27db877ad645f9600fb045a7a0d2ad2b349ff74b0e267661de0,a431ba6fcc0dc27db877ad645f9600fb045a7a0d2ad2b349ff74b0e267661de0
references/04-coser-replacement.md,54,references/04-coser-replacement.zh-CN.md,103,e3b0c44298fc1c149afbf4c8996fb92427ae41e4649b934ca495991b7852b855,e3b0c44298fc1c149afbf4c8996fb92427ae41e4649b934ca495991b7852b855
references/04-coser-replacement.md,55,references/04-coser-replacement.zh-CN.md,104,34995cf9a7c8ed90bac1488b491af7c45f873cc893fcd7edfd2589a5e22b11a2,34995cf9a7c8ed90bac1488b491af7c45f873cc893fcd7edfd2589a5e22b11a2
references/04-coser-replacement.md,56,references/04-coser-replacement.zh-CN.md,105,9318685b448ced7ac12c18d58f73b624076806d5df290f22a20f88bfddd20018,9318685b448ced7ac12c18d58f73b624076806d5df290f22a20f88bfddd20018
references/04-coser-replacement.md,57,references/04-coser-replacement.zh-CN.md,106,3ce3c3df8bfafce0def6aef8973a89372b3a73ea6568867adf5153097493205e,3ce3c3df8bfafce0def6aef8973a89372b3a73ea6568867adf5153097493205e
references/04-coser-replacement.md,58,references/04-coser-replacement.zh-CN.md,107,7cb5a57f5f7f21d649d780ffaba7dd6b4b0e4bf4d0cb381fa3691630673e800c,7cb5a57f5f7f21d649d780ffaba7dd6b4b0e4bf4d0cb381fa3691630673e800c
references/04-coser-replacement.md,59,references/04-coser-replacement.zh-CN.md,108,64ce06b9881c857b086ac0fa0ee199411ab54346a197721d95c14e2a1b7c9556,64ce06b9881c857b086ac0fa0ee199411ab54346a197721d95c14e2a1b7c9556
references/04-coser-replacement.md,60,references/04-coser-replacement.zh-CN.md,109,c1205925d614e442fdafad1a3112a499418922867e170923bd35dbc19314fe32,c1205925d614e442fdafad1a3112a499418922867e170923bd35dbc19314fe32
references/04-coser-replacement.md,61,references/04-coser-replacement.zh-CN.md,110,ccd46aa3393b39ac33c98b210eaa6f04e787fdc70eab9cfbb4d46c522ee16d09,ccd46aa3393b39ac33c98b210eaa6f04e787fdc70eab9cfbb4d46c522ee16d09
references/05-pitfalls-checklist.md,1,references/05-pitfalls-checklist.zh-CN.md,47,8354bb62adc21f5843371c1a27d7c081a61f7991625865ea8b7ab1ee7ae547e6,8354bb62adc21f5843371c1a27d7c081a61f7991625865ea8b7ab1ee7ae547e6
references/05-pitfalls-checklist.md,2,references/05-pitfalls-checklist.zh-CN.md,48,e3b0c44298fc1c149afbf4c8996fb92427ae41e4649b934ca495991b7852b855,e3b0c44298fc1c149afbf4c8996fb92427ae41e4649b934ca495991b7852b855
references/05-pitfalls-checklist.md,3,references/05-pitfalls-checklist.zh-CN.md,49,db96beab8a476a2423646f3a230a0ec75a4a2099b8e01c9a5c36afe0bfa9dc96,db96beab8a476a2423646f3a230a0ec75a4a2099b8e01c9a5c36afe0bfa9dc96
references/05-pitfalls-checklist.md,4,references/05-pitfalls-checklist.zh-CN.md,50,e3b0c44298fc1c149afbf4c8996fb92427ae41e4649b934ca495991b7852b855,e3b0c44298fc1c149afbf4c8996fb92427ae41e4649b934ca495991b7852b855
references/05-pitfalls-checklist.md,5,references/05-pitfalls-checklist.zh-CN.md,51,c43d2095d15cb1a64c8f16dea885ff95b8aae5465f0b5ebd2cfcf616256d7255,c43d2095d15cb1a64c8f16dea885ff95b8aae5465f0b5ebd2cfcf616256d7255
references/05-pitfalls-checklist.md,6,references/05-pitfalls-checklist.zh-CN.md,52,d9adc9a5e0e439e6ba6fc6d9d05fa6906006880ed34f786025e2c3863918c795,d9adc9a5e0e439e6ba6fc6d9d05fa6906006880ed34f786025e2c3863918c795
references/05-pitfalls-checklist.md,7,references/05-pitfalls-checklist.zh-CN.md,53,38f3db11bad8becea6c8dc3c969088f28c36fbc4eea48fd1138a79abbac45b87,3892b5d3b8750e05a159db0af1dea278e258485f8df50430f726a5680ca68103
references/05-pitfalls-checklist.md,8,references/05-pitfalls-checklist.zh-CN.md,54,fd46bc4ad74b7ef961d7749911890ea83a8b7a32902b28f69ff736b9cf5a833b,fd46bc4ad74b7ef961d7749911890ea83a8b7a32902b28f69ff736b9cf5a833b
references/05-pitfalls-checklist.md,9,references/05-pitfalls-checklist.zh-CN.md,55,2fad837629c3239f1b0cbafc781569e4916892e46b1392457ae281f498ab0aa6,2fad837629c3239f1b0cbafc781569e4916892e46b1392457ae281f498ab0aa6
references/05-pitfalls-checklist.md,10,references/05-pitfalls-checklist.zh-CN.md,56,261bb4cb167d31b5195c1547fcc16e37f6a0d7e1aceebe07189e7c49d9e387ef,261bb4cb167d31b5195c1547fcc16e37f6a0d7e1aceebe07189e7c49d9e387ef
references/05-pitfalls-checklist.md,11,references/05-pitfalls-checklist.zh-CN.md,57,57b5c7fe787a79f8d0d1dc1b1fb7f4796658849616a4aed2549ad3dcb1aab095,57b5c7fe787a79f8d0d1dc1b1fb7f4796658849616a4aed2549ad3dcb1aab095
references/05-pitfalls-checklist.md,12,references/05-pitfalls-checklist.zh-CN.md,58,087e07a380551db42f0b944500c76d2a8b6347fa5b3e8782a9454a4f9fef85ac,087e07a380551db42f0b944500c76d2a8b6347fa5b3e8782a9454a4f9fef85ac
references/05-pitfalls-checklist.md,13,references/05-pitfalls-checklist.zh-CN.md,59,c502db91696908d182ed4e747751d900c01d0731a91eca36e5276779afa2b622,466ec8fe1b47162385dedaa361a31e9dd946baaf47de11f29b758f9683a49baa
references/05-pitfalls-checklist.md,14,references/05-pitfalls-checklist.zh-CN.md,60,da7f9eac4610a88bffd248e13ae58b1f8a04a5ac9a54ea9f41276304c8f02fc7,da7f9eac4610a88bffd248e13ae58b1f8a04a5ac9a54ea9f41276304c8f02fc7
references/05-pitfalls-checklist.md,15,references/05-pitfalls-checklist.zh-CN.md,61,95aa3ccb190ef0dee3853408d2604b924b193714df5dcb0700aab8e82f10eb57,95aa3ccb190ef0dee3853408d2604b924b193714df5dcb0700aab8e82f10eb57
references/05-pitfalls-checklist.md,16,references/05-pitfalls-checklist.zh-CN.md,62,3aa072a75c2f7ced18c6e2c1b8bb71ec6d0f08a352b3ef39d539c4027c8d5c3e,a34683932daf1e4af930326145e1d8b7255a5838dd51a08bba8b40d39da9fdfa
references/05-pitfalls-checklist.md,17,references/05-pitfalls-checklist.zh-CN.md,63,1b63acf615429a61e6891f75f0e118cffb8a42c6527ecca7bdd2b2ff96355670,1b63acf615429a61e6891f75f0e118cffb8a42c6527ecca7bdd2b2ff96355670
references/05-pitfalls-checklist.md,18,references/05-pitfalls-checklist.zh-CN.md,64,28b7d35e53b7512aeffb5b596ee638f8fae9f44f62e2c6a2a6fbdf863506b5d3,9b3f38e0c29a8c5c66fcde36d25555ce2a7c9356170783f48b7e175c27fbac36
references/05-pitfalls-checklist.md,19,references/05-pitfalls-checklist.zh-CN.md,65,70cb622627be1352d2022f9df9dc66d5fd7a4b9f2d044b654c4a481edb00d551,9f2f24eeb58b0046bfb04e717f1e34472bd6f12f9318a0b81bea90867ed123ea
references/05-pitfalls-checklist.md,20,references/05-pitfalls-checklist.zh-CN.md,66,8504dc18486312c4a4e7935404f5cdb448b516672d1f6571311a469988e1e2e8,8504dc18486312c4a4e7935404f5cdb448b516672d1f6571311a469988e1e2e8
references/05-pitfalls-checklist.md,21,references/05-pitfalls-checklist.zh-CN.md,67,e3b0c44298fc1c149afbf4c8996fb92427ae41e4649b934ca495991b7852b855,e3b0c44298fc1c149afbf4c8996fb92427ae41e4649b934ca495991b7852b855
references/05-pitfalls-checklist.md,22,references/05-pitfalls-checklist.zh-CN.md,68,946f5b41da31f8b95db6ec1a04d8d6702dcf419c7b9553df28e8b495443d5f30,fbd9976b82a6c700e7da83425dd4879a0a1db056ab275d6e2b68ae55a75baa81
references/05-pitfalls-checklist.md,23,references/05-pitfalls-checklist.zh-CN.md,69,e3b0c44298fc1c149afbf4c8996fb92427ae41e4649b934ca495991b7852b855,e3b0c44298fc1c149afbf4c8996fb92427ae41e4649b934ca495991b7852b855
references/05-pitfalls-checklist.md,24,references/05-pitfalls-checklist.zh-CN.md,70,eb73466faca612b3a493b48078ce16937845216d88b4cc318e336ea2d2e38ce4,eb73466faca612b3a493b48078ce16937845216d88b4cc318e336ea2d2e38ce4
references/05-pitfalls-checklist.md,25,references/05-pitfalls-checklist.zh-CN.md,71,e3b0c44298fc1c149afbf4c8996fb92427ae41e4649b934ca495991b7852b855,e3b0c44298fc1c149afbf4c8996fb92427ae41e4649b934ca495991b7852b855
references/05-pitfalls-checklist.md,26,references/05-pitfalls-checklist.zh-CN.md,72,73451fe53a0f6c2ce562a8a2318a71e641da18b0b2e0630fcf173c3547b36700,73451fe53a0f6c2ce562a8a2318a71e641da18b0b2e0630fcf173c3547b36700
references/05-pitfalls-checklist.md,27,references/05-pitfalls-checklist.zh-CN.md,73,85241869e92f4c8dc9115191759ff4b0ada7609ce9700914136afde74b4c2b36,85241869e92f4c8dc9115191759ff4b0ada7609ce9700914136afde74b4c2b36
references/05-pitfalls-checklist.md,28,references/05-pitfalls-checklist.zh-CN.md,74,653aea61a258d4b5f0dd5ccb82db7085f8ea7ebea8f312db654833c45f3f5ecd,653aea61a258d4b5f0dd5ccb82db7085f8ea7ebea8f312db654833c45f3f5ecd
references/05-pitfalls-checklist.md,29,references/05-pitfalls-checklist.zh-CN.md,75,4491581a66d1b78ca5a203484be19e9d5ff20e47cf7e0d2cb261e60db172cd5a,a6ee9e43e8a36f1f2290f0e3d81a2d733a8d15e7ebe7cefeebab19688809d81b
references/05-pitfalls-checklist.md,30,references/05-pitfalls-checklist.zh-CN.md,76,6f7cc6bea2543d2c357c8e4afa1e1877e58aa2242ede78a48db2996f3dc03156,f2108ebb513472a2795bdc54224d99a7281157e0e562b5e83d43815abe30f568
references/05-pitfalls-checklist.md,31,references/05-pitfalls-checklist.zh-CN.md,77,a008221d3bf3e930f8c5a7ad46205e5dbd41f61605c265d960196c79ca62c528,a008221d3bf3e930f8c5a7ad46205e5dbd41f61605c265d960196c79ca62c528
references/05-pitfalls-checklist.md,32,references/05-pitfalls-checklist.zh-CN.md,78,ae1688ebe5037ba0def674b40d3d472073ccfa6968799d05e4ad2a8e1413bff4,862fda3727d6cb5a2ec1bbb9a88355d6819c83f1c724d91fd210bbf14cea2b9e
references/05-pitfalls-checklist.md,33,references/05-pitfalls-checklist.zh-CN.md,79,6f9832158556863add92ada038db21f26a3d034a583ca65e947d81ad670b770f,6f9832158556863add92ada038db21f26a3d034a583ca65e947d81ad670b770f
references/05-pitfalls-checklist.md,34,references/05-pitfalls-checklist.zh-CN.md,80,e3b0c44298fc1c149afbf4c8996fb92427ae41e4649b934ca495991b7852b855,e3b0c44298fc1c149afbf4c8996fb92427ae41e4649b934ca495991b7852b855
references/05-pitfalls-checklist.md,35,references/05-pitfalls-checklist.zh-CN.md,81,7dc0881acfd441bffa08c26e091eb2f4a8a6852414c99dfaae7991909da2ad42,7dc0881acfd441bffa08c26e091eb2f4a8a6852414c99dfaae7991909da2ad42
references/05-pitfalls-checklist.md,36,references/05-pitfalls-checklist.zh-CN.md,82,e3b0c44298fc1c149afbf4c8996fb92427ae41e4649b934ca495991b7852b855,e3b0c44298fc1c149afbf4c8996fb92427ae41e4649b934ca495991b7852b855
references/05-pitfalls-checklist.md,37,references/05-pitfalls-checklist.zh-CN.md,83,a0a5fd1705b11153449b71b53e2cc139e7ffb70e2a97bff17c63a7c35016b765,a0a5fd1705b11153449b71b53e2cc139e7ffb70e2a97bff17c63a7c35016b765
references/05-pitfalls-checklist.md,38,references/05-pitfalls-checklist.zh-CN.md,84,d3e89978af308e2ab6a0209e56aaac1604f8c2f94719b7dab21ce90f404e9ad5,d3e89978af308e2ab6a0209e56aaac1604f8c2f94719b7dab21ce90f404e9ad5
references/05-pitfalls-checklist.md,39,references/05-pitfalls-checklist.zh-CN.md,85,4617d668488424e4c35e83e39e19bd3f68d979e3748d08585b9338fda86179b7,4617d668488424e4c35e83e39e19bd3f68d979e3748d08585b9338fda86179b7
references/05-pitfalls-checklist.md,40,references/05-pitfalls-checklist.zh-CN.md,86,cf6d2dc5de2fe0e08948016b4eaab198d5ed1ad8d420248076f3cada6f421d8c,047ba92422282adf972a24ad3f7acda70eb4025c29bebc6095a972992b9e40d9
references/05-pitfalls-checklist.md,41,references/05-pitfalls-checklist.zh-CN.md,87,099e4d13228ac4d5ef03b4834093c904ca36eb28eaa46dbdc3c35b314babb767,2bcbd278e61ae64fde70689b8d2dbc1e7d6e6fb54d242a7353eaa144e87fcf5d
references/05-pitfalls-checklist.md,42,references/05-pitfalls-checklist.zh-CN.md,88,2a0c7af6e3fba985df11053abeb551e38528f4c824adfb00ea2f0a5c61a6487b,ef564cf92a3d3af3bb41d1599e2e20001f93e175878ce01bbe0079ed3e1b44ea
references/05-pitfalls-checklist.md,43,references/05-pitfalls-checklist.zh-CN.md,89,955259d584dfc6a70e63907b6a356148a4d46bcc83a890e0eda7bc5dfa53d3cf,955259d584dfc6a70e63907b6a356148a4d46bcc83a890e0eda7bc5dfa53d3cf
references/05-pitfalls-checklist.md,44,references/05-pitfalls-checklist.zh-CN.md,90,ac337e2f1a8d9b114cb6c7ef913325a95e52feab208e1b7922f82d4b42b152fc,ac337e2f1a8d9b114cb6c7ef913325a95e52feab208e1b7922f82d4b42b152fc
references/05-pitfalls-checklist.md,45,references/05-pitfalls-checklist.zh-CN.md,91,e3b0c44298fc1c149afbf4c8996fb92427ae41e4649b934ca495991b7852b855,e3b0c44298fc1c149afbf4c8996fb92427ae41e4649b934ca495991b7852b855
references/05-pitfalls-checklist.md,46,references/05-pitfalls-checklist.zh-CN.md,92,a7087fe60a815ea3d9be80542710727a3164824e65938afa717a56ff3f3d39a6,a7087fe60a815ea3d9be80542710727a3164824e65938afa717a56ff3f3d39a6
references/05-pitfalls-checklist.md,47,references/05-pitfalls-checklist.zh-CN.md,93,db9e2ae93ccd7e11df2a2bee7d401521b8be251fcc9278f50835017d651a3d58,5a9fb35a0a48889adfe70b2713f5c83956967ed4e284aff3f5959842a890d1cc
references/05-pitfalls-checklist.md,48,references/05-pitfalls-checklist.zh-CN.md,94,bf9b8aaff703707f3db937a8c6e2f953c4a1e43bad8868d5506e23313db10a61,bf9b8aaff703707f3db937a8c6e2f953c4a1e43bad8868d5506e23313db10a61
references/05-pitfalls-checklist.md,49,references/05-pitfalls-checklist.zh-CN.md,95,2627526e090032f360bc481805ca9e08f79df270eabd5444fabaabd43a9a38bb,eafbd2bef6591ad4d3603ee40a2be6bf47f17c2d1094db8f08b5dcc0acac4ae7
references/05-pitfalls-checklist.md,50,references/05-pitfalls-checklist.zh-CN.md,96,402767337916d4e345058e36dbb792aacbf2ce6c39d7e78f22152efda5267f97,402767337916d4e345058e36dbb792aacbf2ce6c39d7e78f22152efda5267f97
references/05-pitfalls-checklist.md,51,references/05-pitfalls-checklist.zh-CN.md,97,9ea248401dce7451ed876e8adaf52931cd2153a1002e1ddc28bf0f35dfcddadf,54787b027389aa9a8551db069eb9d76fb3a2cba64ae032641a29cadf2f1b4579
references/05-pitfalls-checklist.md,52,references/05-pitfalls-checklist.zh-CN.md,98,e3b0c44298fc1c149afbf4c8996fb92427ae41e4649b934ca495991b7852b855,e3b0c44298fc1c149afbf4c8996fb92427ae41e4649b934ca495991b7852b855
references/05-pitfalls-checklist.md,53,references/05-pitfalls-checklist.zh-CN.md,99,4d37f0c4855243753e4181ccfd97afc76d5b604b49f00fc205ff49810ae12247,4d37f0c4855243753e4181ccfd97afc76d5b604b49f00fc205ff49810ae12247
references/05-pitfalls-checklist.md,54,references/05-pitfalls-checklist.zh-CN.md,100,17befa0b1644b89921ab2f01fc0f99533ffc215d764d7b325ff20f89c8bc0d93,eaa21bdabbeeb55b9850e5a048ab85769dff1e18de3fca3875eb2c4cb90b519f
references/05-pitfalls-checklist.md,55,references/05-pitfalls-checklist.zh-CN.md,101,6a5830fa600a5b99e863443520066adf08d74a5446e271e4e42ed157feda5550,6a5830fa600a5b99e863443520066adf08d74a5446e271e4e42ed157feda5550
references/05-pitfalls-checklist.md,56,references/05-pitfalls-checklist.zh-CN.md,102,0bdbcad298c09d4a16ec0b47a0d344ed04897302e7e9f1737a4395cba5203102,02477e9c6f721650e4fceb14916b9a7651da2d72d95822627c549bb43676a15c
references/05-pitfalls-checklist.md,57,references/05-pitfalls-checklist.zh-CN.md,103,11ce5b9ed580f0db3e1b2e21dcf0885a7b9cefcbc107f65686af10cb4e30b65a,abfaaa2917e3741ff8c84fcd98a096d2687f6610793982c3f0e1f0822fc8b16f
references/05-pitfalls-checklist.md,58,references/05-pitfalls-checklist.zh-CN.md,104,5c6baa66ed3de9fe873b27341332d501db549785a5c57451d4c79d0bb6d9ae6d,d2ebff98f562ff2dfa1a26c8554542e1cc85b6d5e9aaafd5d794957baddb8b21
references/05-pitfalls-checklist.md,59,references/05-pitfalls-checklist.zh-CN.md,105,be1fb219af81e662c58ba781e285526394edfbcf04c29e69397028f64b316237,b698e1af14d6344a1053cd8360cb105d50d2045d15a44359c5d10378ec6ada63
references/05-pitfalls-checklist.md,60,references/05-pitfalls-checklist.zh-CN.md,106,6b27d975d7d9f00c58c5e6d113ff0832baf0dc8232aca4822c74de70ecc96a40,6b27d975d7d9f00c58c5e6d113ff0832baf0dc8232aca4822c74de70ecc96a40
references/05-pitfalls-checklist.md,61,references/05-pitfalls-checklist.zh-CN.md,107,4ec0fa370f5037a1234d01e89e4056b840857af341e737b17344c669fbdd5129,1210566977c4ad839d9f9a7396058a59f9fe690969f592a4027c0121cfdd53fd
references/05-pitfalls-checklist.md,62,references/05-pitfalls-checklist.zh-CN.md,108,e3b0c44298fc1c149afbf4c8996fb92427ae41e4649b934ca495991b7852b855,e3b0c44298fc1c149afbf4c8996fb92427ae41e4649b934ca495991b7852b855
references/05-pitfalls-checklist.md,63,references/05-pitfalls-checklist.zh-CN.md,109,c04e3a302784bad9c9cc5a97e0f96444a9e1eb90c908ba368e5c366c229875ce,c04e3a302784bad9c9cc5a97e0f96444a9e1eb90c908ba368e5c366c229875ce
references/05-pitfalls-checklist.md,64,references/05-pitfalls-checklist.zh-CN.md,110,dcac78917c1734271819af48522a4f4510b60867b76a40454c3e3dcd243015f0,dcac78917c1734271819af48522a4f4510b60867b76a40454c3e3dcd243015f0
references/05-pitfalls-checklist.md,65,references/05-pitfalls-checklist.zh-CN.md,111,a6f0f0f6bae518d39737a9335cb8b398be8fa231c2851728365a1e6a390448fb,7afe62c6e6f99256fdda8fd5c9fe567e5d68d813d2dd26f2d9a7d5e2c26960b9
references/05-pitfalls-checklist.md,66,references/05-pitfalls-checklist.zh-CN.md,112,02af93c417accb74cd707135ed36a01957c17bedb8783a714e3bb9fa28fb28a6,1bff7a5592faa68ed84c4c5daf59ff73d96071b9674aba620dc73cfaa6ffed0e
references/05-pitfalls-checklist.md,67,references/05-pitfalls-checklist.zh-CN.md,113,f78dc7155df6c45d6022bd02cdc1401cbeb18e8dcc2d16c104bf691b2c756829,a5f647a6bac2658705a9857dab160b42d4e9d6b64f5b7ed528d47f7b6ffdc55e
references/05-pitfalls-checklist.md,68,references/05-pitfalls-checklist.zh-CN.md,114,e3b0c44298fc1c149afbf4c8996fb92427ae41e4649b934ca495991b7852b855,e3b0c44298fc1c149afbf4c8996fb92427ae41e4649b934ca495991b7852b855
references/05-pitfalls-checklist.md,69,references/05-pitfalls-checklist.zh-CN.md,115,20d05727a3370d9fdfb86c1e04193c397aedd9b0346a3c4f68b8455d70d4d7fe,20d05727a3370d9fdfb86c1e04193c397aedd9b0346a3c4f68b8455d70d4d7fe
references/05-pitfalls-checklist.md,70,references/05-pitfalls-checklist.zh-CN.md,116,71cb49f45c70dc37021907e3dae2fb11aa6a909a9d72fa72061c988aa3c9294f,71cb49f45c70dc37021907e3dae2fb11aa6a909a9d72fa72061c988aa3c9294f
references/05-pitfalls-checklist.md,71,references/05-pitfalls-checklist.zh-CN.md,117,4b87f062be2468b6c67b35b537aa1d01bd126fb20e6670f9571a5d87fd3f766e,32b8bb08befeec107438961de94b1bb3b9cd145aacccaea5db3f38bed84d4c2f
references/05-pitfalls-checklist.md,72,references/05-pitfalls-checklist.zh-CN.md,118,a05237767b69d37cb62ddfe18232fc673796272c15c3eabb1be8183b2182a8c1,a05237767b69d37cb62ddfe18232fc673796272c15c3eabb1be8183b2182a8c1
references/05-pitfalls-checklist.md,73,references/05-pitfalls-checklist.zh-CN.md,119,65e7d3ec3865eb6cf224f34f107e97be19086f4b3516001859cb6bc8dcda8bf4,1c4c6b32aa6e4e3bf768b1d52121414b88d8d8351b95f2a50ea3163fc606ec1e
references/05-pitfalls-checklist.md,74,references/05-pitfalls-checklist.zh-CN.md,120,e3b0c44298fc1c149afbf4c8996fb92427ae41e4649b934ca495991b7852b855,e3b0c44298fc1c149afbf4c8996fb92427ae41e4649b934ca495991b7852b855
references/05-pitfalls-checklist.md,75,references/05-pitfalls-checklist.zh-CN.md,121,74aab213a253304b4d25c704e7448bf752985e58dfa6754cb1958cd6021cbabd,74aab213a253304b4d25c704e7448bf752985e58dfa6754cb1958cd6021cbabd
references/05-pitfalls-checklist.md,76,references/05-pitfalls-checklist.zh-CN.md,122,e3b0c44298fc1c149afbf4c8996fb92427ae41e4649b934ca495991b7852b855,e3b0c44298fc1c149afbf4c8996fb92427ae41e4649b934ca495991b7852b855
references/05-pitfalls-checklist.md,77,references/05-pitfalls-checklist.zh-CN.md,123,c99af1f22e54c255433565987df1bbc69909a390e7fad7e5b71cf961c2b0cb81,c99af1f22e54c255433565987df1bbc69909a390e7fad7e5b71cf961c2b0cb81
references/05-pitfalls-checklist.md,78,references/05-pitfalls-checklist.zh-CN.md,124,331aaddaa372fdf719a278792437156195a75e433400feebb91f1df0007a4aeb,0e46822f07d2a3280baa71787fa0db9b022be93e5eee730cdc5a2baf4589e608
references/05-pitfalls-checklist.md,79,references/05-pitfalls-checklist.zh-CN.md,125,d2ccfaa910f7c84a87f149bd8827c4f6544ace854da680ff2326701aca3756be,d2ccfaa910f7c84a87f149bd8827c4f6544ace854da680ff2326701aca3756be
references/05-pitfalls-checklist.md,80,references/05-pitfalls-checklist.zh-CN.md,126,c48a9accab7b76df76ad812132f38a0e5d3482bc53c60ce76295566d12cbf85a,c48a9accab7b76df76ad812132f38a0e5d3482bc53c60ce76295566d12cbf85a
references/05-pitfalls-checklist.md,81,references/05-pitfalls-checklist.zh-CN.md,127,883f6567354df7cdb279f80ed04d790ab1bf6e758af42d0252cb188e36fd6746,883f6567354df7cdb279f80ed04d790ab1bf6e758af42d0252cb188e36fd6746
references/06-film-type-and-state-machine.md,1,references/06-film-type-and-state-machine.zh-CN.md,54,79fa55d0e12610ba16ddff6e5b647e7ac592b86b02931232edc8e920e2d6ad2e,79fa55d0e12610ba16ddff6e5b647e7ac592b86b02931232edc8e920e2d6ad2e
references/06-film-type-and-state-machine.md,2,references/06-film-type-and-state-machine.zh-CN.md,55,e3b0c44298fc1c149afbf4c8996fb92427ae41e4649b934ca495991b7852b855,e3b0c44298fc1c149afbf4c8996fb92427ae41e4649b934ca495991b7852b855
references/06-film-type-and-state-machine.md,3,references/06-film-type-and-state-machine.zh-CN.md,56,87eff894af6b6f48bdad8c6ec78fcdd1db466e91b38ff65dd00c6b58d244e329,87eff894af6b6f48bdad8c6ec78fcdd1db466e91b38ff65dd00c6b58d244e329
references/06-film-type-and-state-machine.md,4,references/06-film-type-and-state-machine.zh-CN.md,57,e3b0c44298fc1c149afbf4c8996fb92427ae41e4649b934ca495991b7852b855,e3b0c44298fc1c149afbf4c8996fb92427ae41e4649b934ca495991b7852b855
references/06-film-type-and-state-machine.md,5,references/06-film-type-and-state-machine.zh-CN.md,58,cb3f91d54eee30e53e35b2b99905f70f169ed549fd78909d3dac2defc9ed8d3b,cb3f91d54eee30e53e35b2b99905f70f169ed549fd78909d3dac2defc9ed8d3b
references/06-film-type-and-state-machine.md,6,references/06-film-type-and-state-machine.zh-CN.md,59,e3b0c44298fc1c149afbf4c8996fb92427ae41e4649b934ca495991b7852b855,e3b0c44298fc1c149afbf4c8996fb92427ae41e4649b934ca495991b7852b855
references/06-film-type-and-state-machine.md,7,references/06-film-type-and-state-machine.zh-CN.md,60,b69caa79d12cebaec51ec64e6f68e36ed8ec3d1c3995057b9cb8c270253bee84,b69caa79d12cebaec51ec64e6f68e36ed8ec3d1c3995057b9cb8c270253bee84
references/06-film-type-and-state-machine.md,8,references/06-film-type-and-state-machine.zh-CN.md,61,e3b0c44298fc1c149afbf4c8996fb92427ae41e4649b934ca495991b7852b855,e3b0c44298fc1c149afbf4c8996fb92427ae41e4649b934ca495991b7852b855
references/06-film-type-and-state-machine.md,9,references/06-film-type-and-state-machine.zh-CN.md,62,a2a2728fa295224dc0ebf1cc5a8db3b01cc14dca8d8fbbc3eea84a71df4fc9dc,5a09aafe8f67ad60b354d7781972bcf1473e8dc1c0e50a1425c4479c42ad342b
references/06-film-type-and-state-machine.md,10,references/06-film-type-and-state-machine.zh-CN.md,63,8bf57f1257383ed574bd99eace9936670c37bef94d03ef90ccdf57cac0e2cacb,06a76c77a3388b715a6758491f4d565e23c674a61cffba7657c6f3eb45757b83
references/06-film-type-and-state-machine.md,11,references/06-film-type-and-state-machine.zh-CN.md,64,df29c1232a1bbc7c629d02bf9fc3bfb54b3b216eeea9c75c2c8fe3aba282f643,df29c1232a1bbc7c629d02bf9fc3bfb54b3b216eeea9c75c2c8fe3aba282f643
references/06-film-type-and-state-machine.md,12,references/06-film-type-and-state-machine.zh-CN.md,65,801dabfaba4c3d24c4e08f831024d2e5b2cf1d204b67d4505fbf02169c5c2839,0ff4f6b96e311e37fbe4e47bffeeb6fd2e4d6b1ffb73a02944b530d06c0bb8d1
references/06-film-type-and-state-machine.md,13,references/06-film-type-and-state-machine.zh-CN.md,66,ff1aeaefac25de7e57001b4e5a63ecce4f925a66f2d3ee63c53952e3ea34fdaf,f91ea075d9445974e5845674621ec428abe342aa5ae768e10bb4933dbb494f5b
references/06-film-type-and-state-machine.md,14,references/06-film-type-and-state-machine.zh-CN.md,67,a62f655932f53b4b69eaf93fef8face7842299f08d0d8bd84a7873ce1c227f2f,a62f655932f53b4b69eaf93fef8face7842299f08d0d8bd84a7873ce1c227f2f
references/06-film-type-and-state-machine.md,15,references/06-film-type-and-state-machine.zh-CN.md,68,e3b0c44298fc1c149afbf4c8996fb92427ae41e4649b934ca495991b7852b855,e3b0c44298fc1c149afbf4c8996fb92427ae41e4649b934ca495991b7852b855
references/06-film-type-and-state-machine.md,16,references/06-film-type-and-state-machine.zh-CN.md,69,cb3f91d54eee30e53e35b2b99905f70f169ed549fd78909d3dac2defc9ed8d3b,cb3f91d54eee30e53e35b2b99905f70f169ed549fd78909d3dac2defc9ed8d3b
references/06-film-type-and-state-machine.md,17,references/06-film-type-and-state-machine.zh-CN.md,70,e3b0c44298fc1c149afbf4c8996fb92427ae41e4649b934ca495991b7852b855,e3b0c44298fc1c149afbf4c8996fb92427ae41e4649b934ca495991b7852b855
references/06-film-type-and-state-machine.md,18,references/06-film-type-and-state-machine.zh-CN.md,71,ade1f4973474f02de13dc6376c18dbbf6af92967d4a53bdae2568b16060316dc,ade1f4973474f02de13dc6376c18dbbf6af92967d4a53bdae2568b16060316dc
references/06-film-type-and-state-machine.md,19,references/06-film-type-and-state-machine.zh-CN.md,72,e3b0c44298fc1c149afbf4c8996fb92427ae41e4649b934ca495991b7852b855,e3b0c44298fc1c149afbf4c8996fb92427ae41e4649b934ca495991b7852b855
references/06-film-type-and-state-machine.md,20,references/06-film-type-and-state-machine.zh-CN.md,73,5ac91b53c2e15885d9530b0507743e023b25eb25792671a175cb60c489196cef,421784faa9ea9c1cbe075b1ce16e12e2355d765292537aaaa9612efb40b21305
references/06-film-type-and-state-machine.md,21,references/06-film-type-and-state-machine.zh-CN.md,74,23cca02b74f386463efa24796c7a9011b0d2c93f0c38b4d15d5d276205b59b43,23cca02b74f386463efa24796c7a9011b0d2c93f0c38b4d15d5d276205b59b43
references/06-film-type-and-state-machine.md,22,references/06-film-type-and-state-machine.zh-CN.md,75,4c6fe812356a8bbece2b14a36cbfb50d29505d2dec3ffdc93543c73c7098979a,c446bf9cde1381eb7c9cda73e078f8e0003c2ac4666892665fbdd6aed83433f2
references/06-film-type-and-state-machine.md,23,references/06-film-type-and-state-machine.zh-CN.md,76,f315b4861c4dcd35acfd74f87cc15644543fcb9fa0b40846161f4b6b674c3dab,ecd3e69de49d6fa62e22502b1cac1d67292833fa3dcc7556235e55ee75518b8d
references/06-film-type-and-state-machine.md,24,references/06-film-type-and-state-machine.zh-CN.md,77,91f317ac5701c2e9839c2e311a935c05b8cbfa8411eeda3f667117a2f858a183,40dfea6cf83a1a1b4a2cc63f3ab2aa281d6fbc063532797e6c1e9da6aaa91ca3
references/06-film-type-and-state-machine.md,25,references/06-film-type-and-state-machine.zh-CN.md,78,e3b0c44298fc1c149afbf4c8996fb92427ae41e4649b934ca495991b7852b855,e3b0c44298fc1c149afbf4c8996fb92427ae41e4649b934ca495991b7852b855
references/06-film-type-and-state-machine.md,26,references/06-film-type-and-state-machine.zh-CN.md,79,52d6d93fc32fcbedfb48bb8d924dffce975ba856ce9bc07ac3802aa899e19a30,52d6d93fc32fcbedfb48bb8d924dffce975ba856ce9bc07ac3802aa899e19a30
references/06-film-type-and-state-machine.md,27,references/06-film-type-and-state-machine.zh-CN.md,80,e3b0c44298fc1c149afbf4c8996fb92427ae41e4649b934ca495991b7852b855,e3b0c44298fc1c149afbf4c8996fb92427ae41e4649b934ca495991b7852b855
references/06-film-type-and-state-machine.md,28,references/06-film-type-and-state-machine.zh-CN.md,81,cb3f91d54eee30e53e35b2b99905f70f169ed549fd78909d3dac2defc9ed8d3b,cb3f91d54eee30e53e35b2b99905f70f169ed549fd78909d3dac2defc9ed8d3b
references/06-film-type-and-state-machine.md,29,references/06-film-type-and-state-machine.zh-CN.md,82,e3b0c44298fc1c149afbf4c8996fb92427ae41e4649b934ca495991b7852b855,e3b0c44298fc1c149afbf4c8996fb92427ae41e4649b934ca495991b7852b855
references/06-film-type-and-state-machine.md,30,references/06-film-type-and-state-machine.zh-CN.md,83,f85983aa6114247d2254c41d30a3b19130e26dfc2593584d17de469c9871079f,0b416d9921ca13e35cc0940d49ba41394bdecbe3de0802e2581d0755b7468185
references/06-film-type-and-state-machine.md,31,references/06-film-type-and-state-machine.zh-CN.md,84,e3b0c44298fc1c149afbf4c8996fb92427ae41e4649b934ca495991b7852b855,e3b0c44298fc1c149afbf4c8996fb92427ae41e4649b934ca495991b7852b855
references/06-film-type-and-state-machine.md,32,references/06-film-type-and-state-machine.zh-CN.md,85,8c4f722211c9b2c5ee56ef5fe3de40b1a67b6498724e2da12fafc3d7a5990879,7ea7bf7110fb64d5144733c878ae796f11f768f8f5fd74b748d658daf6ec31fc
references/06-film-type-and-state-machine.md,33,references/06-film-type-and-state-machine.zh-CN.md,86,e3b0c44298fc1c149afbf4c8996fb92427ae41e4649b934ca495991b7852b855,e3b0c44298fc1c149afbf4c8996fb92427ae41e4649b934ca495991b7852b855
references/06-film-type-and-state-machine.md,34,references/06-film-type-and-state-machine.zh-CN.md,87,2b75b360365673c7d234a9b865c84d147e8154ebc8f3b8822e622b7487fbff2f,2b75b360365673c7d234a9b865c84d147e8154ebc8f3b8822e622b7487fbff2f
references/06-film-type-and-state-machine.md,35,references/06-film-type-and-state-machine.zh-CN.md,88,db3b789f311d6992db090bbf1c303a5f5da8601d98e8d432ebce80c73c5f4b75,0ad5c4b01a3af14bd04c55720a784b2a694cc273d03d128cbde3bb52acec0a66
references/06-film-type-and-state-machine.md,36,references/06-film-type-and-state-machine.zh-CN.md,89,e6284760112122c87119c3aacb3742fbdee2826d75f6089e7098965981d29abb,e6284760112122c87119c3aacb3742fbdee2826d75f6089e7098965981d29abb
references/06-film-type-and-state-machine.md,37,references/06-film-type-and-state-machine.zh-CN.md,90,d829362893e90ba7495cd93b1d19c51a5d201f31c0df2267b8c1c4a0d956b5de,49da6abb228021ffbe399813d44952ce7246cdb90db791cbc96ad7ea4066900d
references/06-film-type-and-state-machine.md,38,references/06-film-type-and-state-machine.zh-CN.md,91,56238d026b9149f7283cf5f45408d811c197dce408ef06673030fee8c269741d,458d3b262be9c209d5436e14766caa8f92b886a71e29bb6c52365dd668316e1a
references/06-film-type-and-state-machine.md,39,references/06-film-type-and-state-machine.zh-CN.md,92,8c04fb324643c1188cbca5aff685fff00f36969a653002456eed765f1588c30a,85d739c325d517f623975e04809f83f7531ecd1b4a675ce0749f79f133c9f455
references/06-film-type-and-state-machine.md,40,references/06-film-type-and-state-machine.zh-CN.md,93,e3b0c44298fc1c149afbf4c8996fb92427ae41e4649b934ca495991b7852b855,e3b0c44298fc1c149afbf4c8996fb92427ae41e4649b934ca495991b7852b855
references/06-film-type-and-state-machine.md,41,references/06-film-type-and-state-machine.zh-CN.md,94,cb3f91d54eee30e53e35b2b99905f70f169ed549fd78909d3dac2defc9ed8d3b,cb3f91d54eee30e53e35b2b99905f70f169ed549fd78909d3dac2defc9ed8d3b
references/06-film-type-and-state-machine.md,42,references/06-film-type-and-state-machine.zh-CN.md,95,e3b0c44298fc1c149afbf4c8996fb92427ae41e4649b934ca495991b7852b855,e3b0c44298fc1c149afbf4c8996fb92427ae41e4649b934ca495991b7852b855
references/06-film-type-and-state-machine.md,43,references/06-film-type-and-state-machine.zh-CN.md,96,e487dfb4a425a4725911701df99686776a1c6e339f26ac7c1343342639d915f7,bb4c97bcbc4eddb748a9990695e92c00409f3cda0196cc720acd3b1622fab71d
references/06-film-type-and-state-machine.md,44,references/06-film-type-and-state-machine.zh-CN.md,97,e3b0c44298fc1c149afbf4c8996fb92427ae41e4649b934ca495991b7852b855,e3b0c44298fc1c149afbf4c8996fb92427ae41e4649b934ca495991b7852b855
references/06-film-type-and-state-machine.md,45,references/06-film-type-and-state-machine.zh-CN.md,98,ad8566fd4779ba1cb04b9e82332bbeeb709ede362843c87994c632622bde2f31,6ae1811314a33c62e1c1792e96c595fd0c56c203e14a117c69eab5fd8741d71d
references/06-film-type-and-state-machine.md,46,references/06-film-type-and-state-machine.zh-CN.md,99,e3b0c44298fc1c149afbf4c8996fb92427ae41e4649b934ca495991b7852b855,e3b0c44298fc1c149afbf4c8996fb92427ae41e4649b934ca495991b7852b855
references/06-film-type-and-state-machine.md,47,references/06-film-type-and-state-machine.zh-CN.md,100,c4ec37e17e86c2a8586f506852c5e0aaf3a3a71eeee44321b7b057f11c1b8582,c4ec37e17e86c2a8586f506852c5e0aaf3a3a71eeee44321b7b057f11c1b8582
references/06-film-type-and-state-machine.md,48,references/06-film-type-and-state-machine.zh-CN.md,101,e3b0c44298fc1c149afbf4c8996fb92427ae41e4649b934ca495991b7852b855,e3b0c44298fc1c149afbf4c8996fb92427ae41e4649b934ca495991b7852b855
references/06-film-type-and-state-machine.md,49,references/06-film-type-and-state-machine.zh-CN.md,102,b4a313791c1fbca2c1410d1d5b1190af4087723ec1b6c1c4ba776298d6dd6228,b4a313791c1fbca2c1410d1d5b1190af4087723ec1b6c1c4ba776298d6dd6228
references/06-film-type-and-state-machine.md,50,references/06-film-type-and-state-machine.zh-CN.md,103,57e23c962d5d2e2b4c4b6af78b0985b36642a7b15686b4c6e4af1b8db4fb5590,8739833c930c7723c0cf93416bdd6046b553cb2ed14b1038769f67f1ee8cf5af
references/06-film-type-and-state-machine.md,51,references/06-film-type-and-state-machine.zh-CN.md,104,41e20f48feaa2cd5d0a367d8d0b5d873486c0785d2c8bc9ed9bfdf7df502d85e,687b229a886042dc1853598ecd8e2c80b3e0c6120f2c4feff9b9ecac5806f56c
references/06-film-type-and-state-machine.md,52,references/06-film-type-and-state-machine.zh-CN.md,105,950e3fdb20b4160cb32382a117f7cef0d6e4ccc20293ea09315e9cdbfaf0cad1,c9aabe413b347629b3038f12bf7b5e194ae91c596fd3728d3ff8b1fc93484dca
references/06-film-type-and-state-machine.md,53,references/06-film-type-and-state-machine.zh-CN.md,106,a88113ee24b58200d58760212e3a018302ddebf3526c55a8159661dbf401207e,fdb9d5c9424b0edc7b4bee9a301f8d64cb548152bde0d3be2a7685d415d4a1c1
references/06-film-type-and-state-machine.md,54,references/06-film-type-and-state-machine.zh-CN.md,107,5f43592ca2ae84c45aa7b4e201b7a95555ef1ef90e4e8c46340e66e0c324f713,383bd19c4559113d1b8cf9f6c727fac4aaeb0fbfbb8b20fd9e8bd199d6b60339
references/06-film-type-and-state-machine.md,55,references/06-film-type-and-state-machine.zh-CN.md,108,83c2d4554763db14ae6d079741273d6891d2a18ea4b7c20183ee202b5efdea49,65b1f071c766c3dc4e33ce3fabb7fded24849fdfa9281475d36651796dcef29d
references/06-film-type-and-state-machine.md,56,references/06-film-type-and-state-machine.zh-CN.md,109,5a3022e17ab2715e35097d3a55633ef77b004b1fe2ae6699badda01a39690381,b9c2f34d5090f44f889fdfaeda18fe317c00c4f9fd4d8df083ccebe49331de67
references/06-film-type-and-state-machine.md,57,references/06-film-type-and-state-machine.zh-CN.md,110,21e572aea6a653a6dee127a59235ae929368df9617648ac4431476edb05604fc,651a1ff1fb03fa811c5db9690e4ecd2a874a6639c35495e069272b8692c8151e
references/06-film-type-and-state-machine.md,58,references/06-film-type-and-state-machine.zh-CN.md,111,ab63c7afad0f4d3c0d43c298dfa25fb5fe106251c675b2311e275e5daee19643,212eddf83b406168491d9c1d8a16d5ecd389328bc63f4558bb359cacd240d796
references/06-film-type-and-state-machine.md,59,references/06-film-type-and-state-machine.zh-CN.md,112,f1b901847390b0ed7e374e7c1e464ec17b46a427c487a5ad6cbd2906405083d5,f1b901847390b0ed7e374e7c1e464ec17b46a427c487a5ad6cbd2906405083d5
references/06-film-type-and-state-machine.md,60,references/06-film-type-and-state-machine.zh-CN.md,113,e3b0c44298fc1c149afbf4c8996fb92427ae41e4649b934ca495991b7852b855,e3b0c44298fc1c149afbf4c8996fb92427ae41e4649b934ca495991b7852b855
references/06-film-type-and-state-machine.md,61,references/06-film-type-and-state-machine.zh-CN.md,114,4ca419342634384e0c3de08329264e43592ce8c495d8db41c9351010c5b2f71f,4ca419342634384e0c3de08329264e43592ce8c495d8db41c9351010c5b2f71f
references/06-film-type-and-state-machine.md,62,references/06-film-type-and-state-machine.zh-CN.md,115,e3b0c44298fc1c149afbf4c8996fb92427ae41e4649b934ca495991b7852b855,e3b0c44298fc1c149afbf4c8996fb92427ae41e4649b934ca495991b7852b855
references/06-film-type-and-state-machine.md,63,references/06-film-type-and-state-machine.zh-CN.md,116,698df972906c87619663e7098e569cbb237459167f8858f8dcccc534736286e1,accdb8034c97ac4cf57672bef239b10c1437da478913b1e2393c92825857c2a5
references/06-film-type-and-state-machine.md,64,references/06-film-type-and-state-machine.zh-CN.md,117,e3b0c44298fc1c149afbf4c8996fb92427ae41e4649b934ca495991b7852b855,e3b0c44298fc1c149afbf4c8996fb92427ae41e4649b934ca495991b7852b855
references/06-film-type-and-state-machine.md,65,references/06-film-type-and-state-machine.zh-CN.md,118,8d7be428c06c7e4661efba00cc99a03c914a34d6374d008adcaa1af1c50e78de,8d7be428c06c7e4661efba00cc99a03c914a34d6374d008adcaa1af1c50e78de
references/06-film-type-and-state-machine.md,66,references/06-film-type-and-state-machine.zh-CN.md,119,e3b0c44298fc1c149afbf4c8996fb92427ae41e4649b934ca495991b7852b855,e3b0c44298fc1c149afbf4c8996fb92427ae41e4649b934ca495991b7852b855
references/06-film-type-and-state-machine.md,67,references/06-film-type-and-state-machine.zh-CN.md,120,c663350c18e4e8e4fe34fff6a4ce77ac272ef2970d721e6d5c47d9d764bca892,c663350c18e4e8e4fe34fff6a4ce77ac272ef2970d721e6d5c47d9d764bca892
references/06-film-type-and-state-machine.md,68,references/06-film-type-and-state-machine.zh-CN.md,121,e3b0c44298fc1c149afbf4c8996fb92427ae41e4649b934ca495991b7852b855,e3b0c44298fc1c149afbf4c8996fb92427ae41e4649b934ca495991b7852b855
references/06-film-type-and-state-machine.md,69,references/06-film-type-and-state-machine.zh-CN.md,122,b4a313791c1fbca2c1410d1d5b1190af4087723ec1b6c1c4ba776298d6dd6228,b4a313791c1fbca2c1410d1d5b1190af4087723ec1b6c1c4ba776298d6dd6228
references/06-film-type-and-state-machine.md,70,references/06-film-type-and-state-machine.zh-CN.md,123,8dd02f6093a6e94f1b00b635a8b443d3cad5996e24861cbee973653e321c99e0,fb5bec420388697d5674688597008ca0bb4f19e6fe0e4a580ab166ce9ee81cca
references/06-film-type-and-state-machine.md,71,references/06-film-type-and-state-machine.zh-CN.md,124,bcf9a905334dcefe41cce2362d6a4c64814018a1402b763672595b3d36c54e59,52af669bfa42499affed2684ebbb9cb154e712bb4eec11a8e5b90f38eeb470cb
references/06-film-type-and-state-machine.md,72,references/06-film-type-and-state-machine.zh-CN.md,125,fcad69d565c78d89abc608148f099a59bf26ebf2f7b547f57391175bc0df2786,9299020d4eb2449c3314c449e410b5cd8440eb1d26b68485ddfdd7d831b8588b
references/06-film-type-and-state-machine.md,73,references/06-film-type-and-state-machine.zh-CN.md,126,18b3f0aceb09bfa2e01feada7954ad68805af2f0b092124ab690211b2052bbf1,587332cbe9343cd7c0be9f53a08cb00719a34f206ec7833bc3c826c301855e0e
references/06-film-type-and-state-machine.md,74,references/06-film-type-and-state-machine.zh-CN.md,127,e47a7ba710c9d6a2c28e2e27f0912167ba37f6f3a4ee3084d3ce26c8c9263104,33ae89c459926bf863f9d214084d13ebbb67ed9b6f144c409c0b04a7ca483ab1
references/06-film-type-and-state-machine.md,75,references/06-film-type-and-state-machine.zh-CN.md,128,0eebfa6030d4179d9fcd625408df3cb21ae0339ca4e08318e9c8a8586b5a6c21,b4b8ebc127152e072a25b60eaab2310c37d420b87f3ef1c9363a69160c73f099
references/06-film-type-and-state-machine.md,76,references/06-film-type-and-state-machine.zh-CN.md,129,f1b901847390b0ed7e374e7c1e464ec17b46a427c487a5ad6cbd2906405083d5,f1b901847390b0ed7e374e7c1e464ec17b46a427c487a5ad6cbd2906405083d5
references/06-film-type-and-state-machine.md,77,references/06-film-type-and-state-machine.zh-CN.md,130,e3b0c44298fc1c149afbf4c8996fb92427ae41e4649b934ca495991b7852b855,e3b0c44298fc1c149afbf4c8996fb92427ae41e4649b934ca495991b7852b855
references/06-film-type-and-state-machine.md,78,references/06-film-type-and-state-machine.zh-CN.md,131,06ebe915f4bbbfb5841b85ec16077e33e26a08a5f664b234dbb0021735db24ee,abbf9daea8d92f9210450b48e4e7658c50f0e5a8436dbc989118019c342e2b02
references/06-film-type-and-state-machine.md,79,references/06-film-type-and-state-machine.zh-CN.md,132,e3b0c44298fc1c149afbf4c8996fb92427ae41e4649b934ca495991b7852b855,e3b0c44298fc1c149afbf4c8996fb92427ae41e4649b934ca495991b7852b855
references/06-film-type-and-state-machine.md,80,references/06-film-type-and-state-machine.zh-CN.md,133,fd880cfe7c28707f52263ebf3243bd9a43b9d0daf0e20c26d4e9bf9c4a16fb26,3afc1f97f3dff42373378db56ddf23177c1163536367d419a123d5fba5f125a2
references/06-film-type-and-state-machine.md,81,references/06-film-type-and-state-machine.zh-CN.md,134,3a86e97a2beb582ed976780b74269c1d9e64ef84a7c10616bcc3e473c666644c,e65d8c7543bdaef5149df02acc86d402a6a101bded43e32ff06cf783733ed94c
references/06-film-type-and-state-machine.md,82,references/06-film-type-and-state-machine.zh-CN.md,135,e3b0c44298fc1c149afbf4c8996fb92427ae41e4649b934ca495991b7852b855,e3b0c44298fc1c149afbf4c8996fb92427ae41e4649b934ca495991b7852b855
references/06-film-type-and-state-machine.md,83,references/06-film-type-and-state-machine.zh-CN.md,136,21f79464f07b86d8d335317cc7855080a33f9574df810a7d6e8eb9ee9d9a4d69,21f79464f07b86d8d335317cc7855080a33f9574df810a7d6e8eb9ee9d9a4d69
references/06-film-type-and-state-machine.md,84,references/06-film-type-and-state-machine.zh-CN.md,137,e3b0c44298fc1c149afbf4c8996fb92427ae41e4649b934ca495991b7852b855,e3b0c44298fc1c149afbf4c8996fb92427ae41e4649b934ca495991b7852b855
references/06-film-type-and-state-machine.md,85,references/06-film-type-and-state-machine.zh-CN.md,138,3aa0ed1bb487f578442a0e7b16142f2b2aed9a752f0b14bc76a09fc2b618e9b1,f253f977ee93181c9050c4a398377dde461178a3f5bb9126ef26252074b78984
references/06-film-type-and-state-machine.md,86,references/06-film-type-and-state-machine.zh-CN.md,139,5a168841b56b2b00ee49afd1774dc260a5b7fe5015bdb40a78b3376754f70046,6151c4e5a5100281cbd756a6ee569ab9cf854d78a51f841092d6f3c8120804a5
references/06-film-type-and-state-machine.md,87,references/06-film-type-and-state-machine.zh-CN.md,140,e3b0c44298fc1c149afbf4c8996fb92427ae41e4649b934ca495991b7852b855,e3b0c44298fc1c149afbf4c8996fb92427ae41e4649b934ca495991b7852b855
references/06-film-type-and-state-machine.md,88,references/06-film-type-and-state-machine.zh-CN.md,141,cb3f91d54eee30e53e35b2b99905f70f169ed549fd78909d3dac2defc9ed8d3b,cb3f91d54eee30e53e35b2b99905f70f169ed549fd78909d3dac2defc9ed8d3b
references/06-film-type-and-state-machine.md,89,references/06-film-type-and-state-machine.zh-CN.md,142,e3b0c44298fc1c149afbf4c8996fb92427ae41e4649b934ca495991b7852b855,e3b0c44298fc1c149afbf4c8996fb92427ae41e4649b934ca495991b7852b855
references/06-film-type-and-state-machine.md,90,references/06-film-type-and-state-machine.zh-CN.md,143,022178879ecf698a95252cf3ad96bfcbae202d37e014e9f41b54387dd2d3ac1e,d9027c48af0769c984618b38eb16bfcebac12a93f1e4bf95fe7d8c20fd65dc23
references/06-film-type-and-state-machine.md,91,references/06-film-type-and-state-machine.zh-CN.md,144,e3b0c44298fc1c149afbf4c8996fb92427ae41e4649b934ca495991b7852b855,e3b0c44298fc1c149afbf4c8996fb92427ae41e4649b934ca495991b7852b855
references/06-film-type-and-state-machine.md,92,references/06-film-type-and-state-machine.zh-CN.md,145,2de96f6a37d61a1954d9e583676de6ac389cf6425292b625431a0a03b81f6d3c,9b1cfe8f8b58cd1a08a66778c7676fa1816254bd83599f04a02c51b1c6eba23a
references/06-film-type-and-state-machine.md,93,references/06-film-type-and-state-machine.zh-CN.md,146,e3b0c44298fc1c149afbf4c8996fb92427ae41e4649b934ca495991b7852b855,e3b0c44298fc1c149afbf4c8996fb92427ae41e4649b934ca495991b7852b855
references/06-film-type-and-state-machine.md,94,references/06-film-type-and-state-machine.zh-CN.md,147,d7a851af2e721d4512a6ad35e14fdd79d471e09791c4958a6174a0f662bb4945,d7a851af2e721d4512a6ad35e14fdd79d471e09791c4958a6174a0f662bb4945
references/06-film-type-and-state-machine.md,95,references/06-film-type-and-state-machine.zh-CN.md,148,e3b0c44298fc1c149afbf4c8996fb92427ae41e4649b934ca495991b7852b855,e3b0c44298fc1c149afbf4c8996fb92427ae41e4649b934ca495991b7852b855
references/06-film-type-and-state-machine.md,96,references/06-film-type-and-state-machine.zh-CN.md,149,fc5b28c2b0ec72d66cee0e8b3bc9bbe5ea12163ba4b69f5c209289c23e053bef,c5360fb9c15db128d660c1a4da93966623a5086a20c802b23687eb84fa989719
references/06-film-type-and-state-machine.md,97,references/06-film-type-and-state-machine.zh-CN.md,150,e3b0c44298fc1c149afbf4c8996fb92427ae41e4649b934ca495991b7852b855,e3b0c44298fc1c149afbf4c8996fb92427ae41e4649b934ca495991b7852b855
references/06-film-type-and-state-machine.md,98,references/06-film-type-and-state-machine.zh-CN.md,151,d9d65bf6c6dfa8625ad012561f58d034d514da080d99a6ce0f69315201a87744,d9d65bf6c6dfa8625ad012561f58d034d514da080d99a6ce0f69315201a87744
references/06-film-type-and-state-machine.md,99,references/06-film-type-and-state-machine.zh-CN.md,152,e3b0c44298fc1c149afbf4c8996fb92427ae41e4649b934ca495991b7852b855,e3b0c44298fc1c149afbf4c8996fb92427ae41e4649b934ca495991b7852b855
references/06-film-type-and-state-machine.md,100,references/06-film-type-and-state-machine.zh-CN.md,153,b4a313791c1fbca2c1410d1d5b1190af4087723ec1b6c1c4ba776298d6dd6228,b4a313791c1fbca2c1410d1d5b1190af4087723ec1b6c1c4ba776298d6dd6228
references/06-film-type-and-state-machine.md,101,references/06-film-type-and-state-machine.zh-CN.md,154,61ae576ce530aea220bb13fb4f38b1dfbe559b857175ae317811f21b77b89557,e6c673d5e0a5263ca5e6ee68124c513ccdbe4e22406c7cf639792aa097229bbb
references/06-film-type-and-state-machine.md,102,references/06-film-type-and-state-machine.zh-CN.md,155,8f79313ce4232f92d4f145fd7ddc3023b6c0d9fbc01415bde9841381d085b6f8,4f80d1f1d47d1b2e20658bc86f32de9e467a5b25a0f1792e8b7f3fc488b6b216
references/06-film-type-and-state-machine.md,103,references/06-film-type-and-state-machine.zh-CN.md,156,1543632c8dd6160121a356c01cef6ebce53efd199ccded36013a88057d384366,08b938bfce7a53866a5ec30d0d7aeadc6e5000766a6c3688a3d5d5b6878a4b2b
references/06-film-type-and-state-machine.md,104,references/06-film-type-and-state-machine.zh-CN.md,157,26db721c8ae8dda34963638bf8b788ee4964f599312ad591c233c33b09ccec47,13099c53d206e55b0222c5cb54b1bc78e64776a8425ed71c0e3b571a33622fa6
references/06-film-type-and-state-machine.md,105,references/06-film-type-and-state-machine.zh-CN.md,158,77091a122a4c36e17392ed683640e2497ef07d8e7d8eedf21e83b8cf844ddc94,6902b062e04a35a2acdd8b5228fd5644b82189f296935b0bd1c9ef0c1773de40
references/06-film-type-and-state-machine.md,106,references/06-film-type-and-state-machine.zh-CN.md,159,9f33a8b9caab3661220b4475b0ff955cb52c16bc6a15640b0af625dacfc45e95,0d391e7c02dc5de5085d3e290c7f7ea2458ee4099f6ff17311819d0ed52b94e1
references/06-film-type-and-state-machine.md,107,references/06-film-type-and-state-machine.zh-CN.md,160,e5134db2fe762875c9bb4b9c5708d78d1fbfbd1b5d745cf0690379b7f3ed1af4,dd5eebe4f20d4f2ff7cf5103726f9c90b74f94ca33a0a769e569c47b4155053e
references/06-film-type-and-state-machine.md,108,references/06-film-type-and-state-machine.zh-CN.md,161,9c8da3dcd6fb13f8f647a87910be9a29c1dce755ebb91a09000698cb774d66a4,72142363ff32f37fffd2e5a898c19b3a27cc8eb23208019d2ff96f4172cc5afb
references/06-film-type-and-state-machine.md,109,references/06-film-type-and-state-machine.zh-CN.md,162,f1b901847390b0ed7e374e7c1e464ec17b46a427c487a5ad6cbd2906405083d5,f1b901847390b0ed7e374e7c1e464ec17b46a427c487a5ad6cbd2906405083d5
references/06-film-type-and-state-machine.md,110,references/06-film-type-and-state-machine.zh-CN.md,163,e3b0c44298fc1c149afbf4c8996fb92427ae41e4649b934ca495991b7852b855,e3b0c44298fc1c149afbf4c8996fb92427ae41e4649b934ca495991b7852b855
references/06-film-type-and-state-machine.md,111,references/06-film-type-and-state-machine.zh-CN.md,164,059f25a8f07b13efbab8f8b87532743e93794eb696f166fd1c3e1d6d75b955c1,059f25a8f07b13efbab8f8b87532743e93794eb696f166fd1c3e1d6d75b955c1
references/06-film-type-and-state-machine.md,112,references/06-film-type-and-state-machine.zh-CN.md,165,e3b0c44298fc1c149afbf4c8996fb92427ae41e4649b934ca495991b7852b855,e3b0c44298fc1c149afbf4c8996fb92427ae41e4649b934ca495991b7852b855
references/06-film-type-and-state-machine.md,113,references/06-film-type-and-state-machine.zh-CN.md,166,3e709554cc16b78e044801abd29edab7cbf310f572b142de0854638b89dd9263,3e709554cc16b78e044801abd29edab7cbf310f572b142de0854638b89dd9263
references/06-film-type-and-state-machine.md,114,references/06-film-type-and-state-machine.zh-CN.md,167,e3b0c44298fc1c149afbf4c8996fb92427ae41e4649b934ca495991b7852b855,e3b0c44298fc1c149afbf4c8996fb92427ae41e4649b934ca495991b7852b855
references/06-film-type-and-state-machine.md,115,references/06-film-type-and-state-machine.zh-CN.md,168,ead89cbf59d2e5364def430b9639a17590ae9c34e00cd1cceb1e5fb8b3eeff29,8cd6b878e421c093b90708444ef073f57ae4d2084467776e419ce0a61f7f3800
references/06-film-type-and-state-machine.md,116,references/06-film-type-and-state-machine.zh-CN.md,169,e3b0c44298fc1c149afbf4c8996fb92427ae41e4649b934ca495991b7852b855,e3b0c44298fc1c149afbf4c8996fb92427ae41e4649b934ca495991b7852b855
references/06-film-type-and-state-machine.md,117,references/06-film-type-and-state-machine.zh-CN.md,170,1adb99cef67c687d232e19f43352e9ad7a60482b1b2655126879bb1ad6423571,2dcf866f0becbf2b4fedf39589a716b90387559d642bc4a2cb826c5289400ff4
references/06-film-type-and-state-machine.md,118,references/06-film-type-and-state-machine.zh-CN.md,171,a8179514f621c91a6b25d39a35d59fe8472ada55975b1eb3309983d07c0eb56f,6d354e02f2a1655d62b7a029d3ac61c329323bd18af185d926ddf375c17a5f0c
references/06-film-type-and-state-machine.md,119,references/06-film-type-and-state-machine.zh-CN.md,172,adccaa3b6d65ecb067fddda17e65dd4ea0123e0f9f27cd39deb3c8cf937613bb,73864082fd9980aa663459418eeb92f3cb130bed2e1946858d91841eda6d173c
references/06-film-type-and-state-machine.md,120,references/06-film-type-and-state-machine.zh-CN.md,173,4a279dfc56e8972eb635b9d11af38ea24cea1bbce3eae9e24f644db9c33850d7,4a279dfc56e8972eb635b9d11af38ea24cea1bbce3eae9e24f644db9c33850d7
references/06-film-type-and-state-machine.md,121,references/06-film-type-and-state-machine.zh-CN.md,174,e3b0c44298fc1c149afbf4c8996fb92427ae41e4649b934ca495991b7852b855,e3b0c44298fc1c149afbf4c8996fb92427ae41e4649b934ca495991b7852b855
references/06-film-type-and-state-machine.md,122,references/06-film-type-and-state-machine.zh-CN.md,175,923b053cd4969ef0575620bb88e6138a62e6a16a73c2c93870204a3b341f30ee,923b053cd4969ef0575620bb88e6138a62e6a16a73c2c93870204a3b341f30ee
references/06-film-type-and-state-machine.md,123,references/06-film-type-and-state-machine.zh-CN.md,176,e3b0c44298fc1c149afbf4c8996fb92427ae41e4649b934ca495991b7852b855,e3b0c44298fc1c149afbf4c8996fb92427ae41e4649b934ca495991b7852b855
references/06-film-type-and-state-machine.md,124,references/06-film-type-and-state-machine.zh-CN.md,177,085d95a154b1607944ac85f67bdcca4df44a103989f7efea1098d6d235276ffa,72063ebbd6a5ba858795c79f0fae65847927296785fc8609e6e5c1dc95122161
references/06-film-type-and-state-machine.md,125,references/06-film-type-and-state-machine.zh-CN.md,178,e3b0c44298fc1c149afbf4c8996fb92427ae41e4649b934ca495991b7852b855,e3b0c44298fc1c149afbf4c8996fb92427ae41e4649b934ca495991b7852b855
references/06-film-type-and-state-machine.md,126,references/06-film-type-and-state-machine.zh-CN.md,179,cb3f91d54eee30e53e35b2b99905f70f169ed549fd78909d3dac2defc9ed8d3b,cb3f91d54eee30e53e35b2b99905f70f169ed549fd78909d3dac2defc9ed8d3b
references/06-film-type-and-state-machine.md,127,references/06-film-type-and-state-machine.zh-CN.md,180,e3b0c44298fc1c149afbf4c8996fb92427ae41e4649b934ca495991b7852b855,e3b0c44298fc1c149afbf4c8996fb92427ae41e4649b934ca495991b7852b855
references/06-film-type-and-state-machine.md,128,references/06-film-type-and-state-machine.zh-CN.md,181,7f96b5a3f4e5e267dcb5f711dc2019d86b76eb4e09d263a2cdaf67d6452d17c0,7f96b5a3f4e5e267dcb5f711dc2019d86b76eb4e09d263a2cdaf67d6452d17c0
references/06-film-type-and-state-machine.md,129,references/06-film-type-and-state-machine.zh-CN.md,182,e3b0c44298fc1c149afbf4c8996fb92427ae41e4649b934ca495991b7852b855,e3b0c44298fc1c149afbf4c8996fb92427ae41e4649b934ca495991b7852b855
references/06-film-type-and-state-machine.md,130,references/06-film-type-and-state-machine.zh-CN.md,183,37dacfd77bba2cb5a7a9c82f34651ee2241a272eb7814ada2b068c2f0e4ffa99,37dacfd77bba2cb5a7a9c82f34651ee2241a272eb7814ada2b068c2f0e4ffa99
references/06-film-type-and-state-machine.md,131,references/06-film-type-and-state-machine.zh-CN.md,184,e3b0c44298fc1c149afbf4c8996fb92427ae41e4649b934ca495991b7852b855,e3b0c44298fc1c149afbf4c8996fb92427ae41e4649b934ca495991b7852b855
references/06-film-type-and-state-machine.md,132,references/06-film-type-and-state-machine.zh-CN.md,185,b971e3019dd101f7be13ecbb9dc2245f52940bc574e21429dca762db2f635806,b971e3019dd101f7be13ecbb9dc2245f52940bc574e21429dca762db2f635806
references/06-film-type-and-state-machine.md,133,references/06-film-type-and-state-machine.zh-CN.md,186,183fce6db1a646617dad2a3f50342c3ac1e0bf37a3de6ac36d87253c017c622f,183fce6db1a646617dad2a3f50342c3ac1e0bf37a3de6ac36d87253c017c622f
references/06-film-type-and-state-machine.md,134,references/06-film-type-and-state-machine.zh-CN.md,187,6497e988abd45d1b9d5e28a7f8684d063db69200823555c4f45b2f5f147e4917,b457a88885ca964f813d7133d671efa234c63e584b5aa885245c98e02f3e9eba
references/06-film-type-and-state-machine.md,135,references/06-film-type-and-state-machine.zh-CN.md,188,8042123fdf06e15307305b7a9b053b8e47763907ef9b643b380360930586e433,a6e78b1fb19d14c2a4b94a9d4a2df80e6062632c1651e626e72b2da4a1de2420
references/06-film-type-and-state-machine.md,136,references/06-film-type-and-state-machine.zh-CN.md,189,29b24282047ece2190375eafc43c31ce87afe10bc6bd9485ca6641d71a1605cf,c8ff43f892b620d8f6eb81c31ef46b348da95c60f790f2b7ab7bf86d79839f72
references/06-film-type-and-state-machine.md,137,references/06-film-type-and-state-machine.zh-CN.md,190,108d4a1336143b8abc899bf14e803b860225556c5063409d889ed2b5b383b653,80f9a58544b50c2b5d78df7d7d2939567acc35babbe0e74f3540b24c82320c3f
references/06-film-type-and-state-machine.md,138,references/06-film-type-and-state-machine.zh-CN.md,191,450c5012aa2d0b040115012a6b597e537d6bd2434e6280aec0be2afe31b7bca6,b8a258f53a30a219b8d1b0d05c99c1db510476e61ce1d3118a20a406540fc36a
references/06-film-type-and-state-machine.md,139,references/06-film-type-and-state-machine.zh-CN.md,192,e3b0c44298fc1c149afbf4c8996fb92427ae41e4649b934ca495991b7852b855,e3b0c44298fc1c149afbf4c8996fb92427ae41e4649b934ca495991b7852b855
references/06-film-type-and-state-machine.md,140,references/06-film-type-and-state-machine.zh-CN.md,193,cb3f91d54eee30e53e35b2b99905f70f169ed549fd78909d3dac2defc9ed8d3b,cb3f91d54eee30e53e35b2b99905f70f169ed549fd78909d3dac2defc9ed8d3b
references/06-film-type-and-state-machine.md,141,references/06-film-type-and-state-machine.zh-CN.md,194,e3b0c44298fc1c149afbf4c8996fb92427ae41e4649b934ca495991b7852b855,e3b0c44298fc1c149afbf4c8996fb92427ae41e4649b934ca495991b7852b855
references/06-film-type-and-state-machine.md,142,references/06-film-type-and-state-machine.zh-CN.md,195,4787b7f3ae00bf9592c35ba5345ddcf003d3788c26ce7ffa7dd10f0c90c091c1,4787b7f3ae00bf9592c35ba5345ddcf003d3788c26ce7ffa7dd10f0c90c091c1
references/06-film-type-and-state-machine.md,143,references/06-film-type-and-state-machine.zh-CN.md,196,e3b0c44298fc1c149afbf4c8996fb92427ae41e4649b934ca495991b7852b855,e3b0c44298fc1c149afbf4c8996fb92427ae41e4649b934ca495991b7852b855
references/06-film-type-and-state-machine.md,144,references/06-film-type-and-state-machine.zh-CN.md,197,72b895b58f89201de0e5c993aff3e786dfd052ac474955bc0e405516b3cc9a02,72b895b58f89201de0e5c993aff3e786dfd052ac474955bc0e405516b3cc9a02
references/06-film-type-and-state-machine.md,145,references/06-film-type-and-state-machine.zh-CN.md,198,7c44ccf7dfb29f23c248319450a696e0a9c9721e5c3b778d1106fbc7200d0bb7,5a2931837d26749d50f44c5e668a869b3eae764ea9a918ed5a5724303bf52f39
references/06-film-type-and-state-machine.md,146,references/06-film-type-and-state-machine.zh-CN.md,199,fe7f7f50e56679cba61e2ca17157cd4f9f5c694dc4f35c57adb90bd821a54bb2,fe7f7f50e56679cba61e2ca17157cd4f9f5c694dc4f35c57adb90bd821a54bb2
references/06-film-type-and-state-machine.md,147,references/06-film-type-and-state-machine.zh-CN.md,200,5b8836fe27c6126531a25c5e29c6d69bc2c36efd7aad8d0a458bcb79d9a5fe18,73f18c3bc3ea788f640537443573ef97215f46b3b00376f7d9c312da9137953f
references/06-film-type-and-state-machine.md,148,references/06-film-type-and-state-machine.zh-CN.md,201,917457508975d61cfc9363d3b08c8af0f8834935eb2ca6bc3a7fabc77851338f,917457508975d61cfc9363d3b08c8af0f8834935eb2ca6bc3a7fabc77851338f
references/06-film-type-and-state-machine.md,149,references/06-film-type-and-state-machine.zh-CN.md,202,f2aed6b3a5bbf263d51f204665e2442d43168f277bc2150b007e33172eb0d6f7,f2aed6b3a5bbf263d51f204665e2442d43168f277bc2150b007e33172eb0d6f7
references/06-film-type-and-state-machine.md,150,references/06-film-type-and-state-machine.zh-CN.md,203,0a5d9396ac862cf17519076d5b75427ae78e949c024ec84626e47eee8409e592,c81d57193d9d14160dc1fc2d3b8e5044f9c6a337c6af9c09cb274b572529fb48
references/07-onset-and-card-points.md,1,references/07-onset-and-card-points.zh-CN.md,52,56f32ee81906075e46db3193929bd508563ab7911ece910b4ef31d6fbc2ce22a,f25af1df4919f8635f9df55ff853c49fdc7872b7e56ebe5ba2396f15e96b1d93
references/07-onset-and-card-points.md,2,references/07-onset-and-card-points.zh-CN.md,53,e3b0c44298fc1c149afbf4c8996fb92427ae41e4649b934ca495991b7852b855,e3b0c44298fc1c149afbf4c8996fb92427ae41e4649b934ca495991b7852b855
references/07-onset-and-card-points.md,3,references/07-onset-and-card-points.zh-CN.md,54,25a74531b1b57ccf0ecbc8aa275b3539d7cd0495f2bf0f1224b2d83d8ea04630,25a74531b1b57ccf0ecbc8aa275b3539d7cd0495f2bf0f1224b2d83d8ea04630
references/07-onset-and-card-points.md,4,references/07-onset-and-card-points.zh-CN.md,55,e3b0c44298fc1c149afbf4c8996fb92427ae41e4649b934ca495991b7852b855,e3b0c44298fc1c149afbf4c8996fb92427ae41e4649b934ca495991b7852b855
references/07-onset-and-card-points.md,5,references/07-onset-and-card-points.zh-CN.md,56,6c285145a6660ab0b7d381885cc2e0cd32681ae0c000453f58f7e4d7837dbe3d,756b1f35db289e03766f108dcab2e0e75f9fe4dc9382e4a39f6030580c80cfbc
references/07-onset-and-card-points.md,6,references/07-onset-and-card-points.zh-CN.md,57,ed8cd5e9e2f7e507863b78e8945801661b13fb095dcbeef50ba0d914c2021818,093d8c4757d9e94bc22a40c6b19973a943b636f9d35842c21f121fe4c6266284
references/07-onset-and-card-points.md,7,references/07-onset-and-card-points.zh-CN.md,58,e3b0c44298fc1c149afbf4c8996fb92427ae41e4649b934ca495991b7852b855,e3b0c44298fc1c149afbf4c8996fb92427ae41e4649b934ca495991b7852b855
references/07-onset-and-card-points.md,8,references/07-onset-and-card-points.zh-CN.md,59,cb3f91d54eee30e53e35b2b99905f70f169ed549fd78909d3dac2defc9ed8d3b,cb3f91d54eee30e53e35b2b99905f70f169ed549fd78909d3dac2defc9ed8d3b
references/07-onset-and-card-points.md,9,references/07-onset-and-card-points.zh-CN.md,60,e3b0c44298fc1c149afbf4c8996fb92427ae41e4649b934ca495991b7852b855,e3b0c44298fc1c149afbf4c8996fb92427ae41e4649b934ca495991b7852b855
references/07-onset-and-card-points.md,10,references/07-onset-and-card-points.zh-CN.md,61,6f3388d41274d8055c1e5c477b3bfa3fca12a65c696807373c410dac17a8b744,6f3388d41274d8055c1e5c477b3bfa3fca12a65c696807373c410dac17a8b744
references/07-onset-and-card-points.md,11,references/07-onset-and-card-points.zh-CN.md,62,e3b0c44298fc1c149afbf4c8996fb92427ae41e4649b934ca495991b7852b855,e3b0c44298fc1c149afbf4c8996fb92427ae41e4649b934ca495991b7852b855
references/07-onset-and-card-points.md,12,references/07-onset-and-card-points.zh-CN.md,63,add5d1c60411923c5a3ec70b5f467040628f11988fe59627b52a4f73feca58ee,add5d1c60411923c5a3ec70b5f467040628f11988fe59627b52a4f73feca58ee
references/07-onset-and-card-points.md,13,references/07-onset-and-card-points.zh-CN.md,64,527e4f6506f4749f6738da1ab10a6f17c7ca200cb121304f7ae388eaf05ef0af,527e4f6506f4749f6738da1ab10a6f17c7ca200cb121304f7ae388eaf05ef0af
references/07-onset-and-card-points.md,14,references/07-onset-and-card-points.zh-CN.md,65,f590098190ec8c8c8f869bc06e73f28e23aeadb05591b43cdbcc7851dba53227,f590098190ec8c8c8f869bc06e73f28e23aeadb05591b43cdbcc7851dba53227
references/07-onset-and-card-points.md,15,references/07-onset-and-card-points.zh-CN.md,66,54cc26359b385d4e40bc1294b5acd237e92776b1ef00917a5f13b1d53048e785,54cc26359b385d4e40bc1294b5acd237e92776b1ef00917a5f13b1d53048e785
references/07-onset-and-card-points.md,16,references/07-onset-and-card-points.zh-CN.md,67,3afb03902a114edc5907823b53c5b0654f2ff9a2574129950bb2ef7f1f54828e,3afb03902a114edc5907823b53c5b0654f2ff9a2574129950bb2ef7f1f54828e
references/07-onset-and-card-points.md,17,references/07-onset-and-card-points.zh-CN.md,68,f1b901847390b0ed7e374e7c1e464ec17b46a427c487a5ad6cbd2906405083d5,f1b901847390b0ed7e374e7c1e464ec17b46a427c487a5ad6cbd2906405083d5
references/07-onset-and-card-points.md,18,references/07-onset-and-card-points.zh-CN.md,69,e3b0c44298fc1c149afbf4c8996fb92427ae41e4649b934ca495991b7852b855,e3b0c44298fc1c149afbf4c8996fb92427ae41e4649b934ca495991b7852b855
references/07-onset-and-card-points.md,19,references/07-onset-and-card-points.zh-CN.md,70,8f401a0559da17f3bd19a3fa00c0f432841129cafd0d5e35c02e5ff233f25e8f,8f401a0559da17f3bd19a3fa00c0f432841129cafd0d5e35c02e5ff233f25e8f
references/07-onset-and-card-points.md,20,references/07-onset-and-card-points.zh-CN.md,71,e3b0c44298fc1c149afbf4c8996fb92427ae41e4649b934ca495991b7852b855,e3b0c44298fc1c149afbf4c8996fb92427ae41e4649b934ca495991b7852b855
references/07-onset-and-card-points.md,21,references/07-onset-and-card-points.zh-CN.md,72,5e397033e514c92f9525e558e87dcbdecbd8c2a3c5612fe471de9eceeae2defd,5e397033e514c92f9525e558e87dcbdecbd8c2a3c5612fe471de9eceeae2defd
references/07-onset-and-card-points.md,22,references/07-onset-and-card-points.zh-CN.md,73,783147d8b8ade07f7e3f65b34ae95f27656b40ba921eb391f8933184b53f8410,783147d8b8ade07f7e3f65b34ae95f27656b40ba921eb391f8933184b53f8410
references/07-onset-and-card-points.md,23,references/07-onset-and-card-points.zh-CN.md,74,c63caedff45f9bb605471caf014497c74c5838042d0160843f2d4f90df1d8df4,c63caedff45f9bb605471caf014497c74c5838042d0160843f2d4f90df1d8df4
references/07-onset-and-card-points.md,24,references/07-onset-and-card-points.zh-CN.md,75,e3b0c44298fc1c149afbf4c8996fb92427ae41e4649b934ca495991b7852b855,e3b0c44298fc1c149afbf4c8996fb92427ae41e4649b934ca495991b7852b855
references/07-onset-and-card-points.md,25,references/07-onset-and-card-points.zh-CN.md,76,6ae09cd7a00b20f4999ed580ad9f713e336af9b71ec88fcb6d9c00b6ee19b7dc,6ae09cd7a00b20f4999ed580ad9f713e336af9b71ec88fcb6d9c00b6ee19b7dc
references/07-onset-and-card-points.md,26,references/07-onset-and-card-points.zh-CN.md,77,e3b0c44298fc1c149afbf4c8996fb92427ae41e4649b934ca495991b7852b855,e3b0c44298fc1c149afbf4c8996fb92427ae41e4649b934ca495991b7852b855
references/07-onset-and-card-points.md,27,references/07-onset-and-card-points.zh-CN.md,78,1eebc333eeae7854bc17025ac86faa852dc7327b878a477612f54c91f2277054,c0ef01841ac1a6991a8e13391a3caed7a37ee48abb90928553fd0e77d07aad51
references/07-onset-and-card-points.md,28,references/07-onset-and-card-points.zh-CN.md,79,e3b0c44298fc1c149afbf4c8996fb92427ae41e4649b934ca495991b7852b855,e3b0c44298fc1c149afbf4c8996fb92427ae41e4649b934ca495991b7852b855
references/07-onset-and-card-points.md,29,references/07-onset-and-card-points.zh-CN.md,80,cb3f91d54eee30e53e35b2b99905f70f169ed549fd78909d3dac2defc9ed8d3b,cb3f91d54eee30e53e35b2b99905f70f169ed549fd78909d3dac2defc9ed8d3b
references/07-onset-and-card-points.md,30,references/07-onset-and-card-points.zh-CN.md,81,e3b0c44298fc1c149afbf4c8996fb92427ae41e4649b934ca495991b7852b855,e3b0c44298fc1c149afbf4c8996fb92427ae41e4649b934ca495991b7852b855
references/07-onset-and-card-points.md,31,references/07-onset-and-card-points.zh-CN.md,82,4c75514e668d1ae35bafb612ba8027981120884367f79082cd6168a35ad488f1,2ea4bd357df5e334a5c82b58e49c8cd9e72e9c32e4fc6336a7d7461bdaf438d4
references/07-onset-and-card-points.md,32,references/07-onset-and-card-points.zh-CN.md,83,e3b0c44298fc1c149afbf4c8996fb92427ae41e4649b934ca495991b7852b855,e3b0c44298fc1c149afbf4c8996fb92427ae41e4649b934ca495991b7852b855
references/07-onset-and-card-points.md,33,references/07-onset-and-card-points.zh-CN.md,84,ca5c39c20007b6fdbe5b2729018e54edaba904eb81ff915eb329884b735b53ae,ca5c39c20007b6fdbe5b2729018e54edaba904eb81ff915eb329884b735b53ae
references/07-onset-and-card-points.md,34,references/07-onset-and-card-points.zh-CN.md,85,23cca02b74f386463efa24796c7a9011b0d2c93f0c38b4d15d5d276205b59b43,23cca02b74f386463efa24796c7a9011b0d2c93f0c38b4d15d5d276205b59b43
references/07-onset-and-card-points.md,35,references/07-onset-and-card-points.zh-CN.md,86,596f6af47772dcdc3ee445c86fa60666b89551696cc8ac3e975746ff792d1261,2aba011782e7f3ec385d8e2014c7c96494aa70c41504797bcc73ea1a8882598e
references/07-onset-and-card-points.md,36,references/07-onset-and-card-points.zh-CN.md,87,f12ad49af3eaf5b23abe378eaf8e0b7e5652d3ba8732004a1e63ae37ee93589d,19b1d18fbd779b52c991466c311e87d6fd618e7832e129875ac14006f5380844
references/07-onset-and-card-points.md,37,references/07-onset-and-card-points.zh-CN.md,88,e3b0c44298fc1c149afbf4c8996fb92427ae41e4649b934ca495991b7852b855,e3b0c44298fc1c149afbf4c8996fb92427ae41e4649b934ca495991b7852b855
references/07-onset-and-card-points.md,38,references/07-onset-and-card-points.zh-CN.md,89,cf4e092615a0cc0ef4fc6a6a012e8b28ce8d0814e1be0fed61b7b0cbd3f69295,bfc85fa925037a0e22dd83e52d3c91450af794dbed29fca328b662e3795bf4dc
references/07-onset-and-card-points.md,39,references/07-onset-and-card-points.zh-CN.md,90,e3b0c44298fc1c149afbf4c8996fb92427ae41e4649b934ca495991b7852b855,e3b0c44298fc1c149afbf4c8996fb92427ae41e4649b934ca495991b7852b855
references/07-onset-and-card-points.md,40,references/07-onset-and-card-points.zh-CN.md,91,cb3f91d54eee30e53e35b2b99905f70f169ed549fd78909d3dac2defc9ed8d3b,cb3f91d54eee30e53e35b2b99905f70f169ed549fd78909d3dac2defc9ed8d3b
references/07-onset-and-card-points.md,41,references/07-onset-and-card-points.zh-CN.md,92,e3b0c44298fc1c149afbf4c8996fb92427ae41e4649b934ca495991b7852b855,e3b0c44298fc1c149afbf4c8996fb92427ae41e4649b934ca495991b7852b855
references/07-onset-and-card-points.md,42,references/07-onset-and-card-points.zh-CN.md,93,9a3f6707e16c2762d51564ee4237aee871e480c6afb4f2f8314c73fd5197c34a,9a3f6707e16c2762d51564ee4237aee871e480c6afb4f2f8314c73fd5197c34a
references/07-onset-and-card-points.md,43,references/07-onset-and-card-points.zh-CN.md,94,e3b0c44298fc1c149afbf4c8996fb92427ae41e4649b934ca495991b7852b855,e3b0c44298fc1c149afbf4c8996fb92427ae41e4649b934ca495991b7852b855
references/07-onset-and-card-points.md,44,references/07-onset-and-card-points.zh-CN.md,95,651efe6c5d394fe9cc28569e54bc9e5393bd4b2d693125d08a26b25f11ff0b3d,379bee7f4021f5df993593d07010b4ccd3141a540d222bbbfe5942f7653f0065
references/07-onset-and-card-points.md,45,references/07-onset-and-card-points.zh-CN.md,96,e3b0c44298fc1c149afbf4c8996fb92427ae41e4649b934ca495991b7852b855,e3b0c44298fc1c149afbf4c8996fb92427ae41e4649b934ca495991b7852b855
references/07-onset-and-card-points.md,46,references/07-onset-and-card-points.zh-CN.md,97,599c54a0834b1c5246f4e77eb4ac82b86188c0c615ee25f99233fcb784eafe76,2789d9c908d5562b4cbcd1cc0faf30728b425ecc455ec67fdad318762dd03fd0
references/07-onset-and-card-points.md,47,references/07-onset-and-card-points.zh-CN.md,98,12af00ef4beed04e98324a76d971f94419a92b77311cf21629020e3449b8f457,12af00ef4beed04e98324a76d971f94419a92b77311cf21629020e3449b8f457
references/07-onset-and-card-points.md,48,references/07-onset-and-card-points.zh-CN.md,99,6bab016ea86cbc58961a3fb25d11daeabae9dd7fb9e26a6dfc404fc7575dfd35,6bab016ea86cbc58961a3fb25d11daeabae9dd7fb9e26a6dfc404fc7575dfd35
references/07-onset-and-card-points.md,49,references/07-onset-and-card-points.zh-CN.md,100,5f27ba7364346686f22bcd9e4b7739097c60604d9a21ed86ab5f7f2ec3ad45a5,5f27ba7364346686f22bcd9e4b7739097c60604d9a21ed86ab5f7f2ec3ad45a5
references/07-onset-and-card-points.md,50,references/07-onset-and-card-points.zh-CN.md,101,c03204032a0d72f9cf45eda16e05c9e8faeab018da4cd62e1c94e14089c7f6c9,c03204032a0d72f9cf45eda16e05c9e8faeab018da4cd62e1c94e14089c7f6c9
references/07-onset-and-card-points.md,51,references/07-onset-and-card-points.zh-CN.md,102,478f356a984690ab2e0087b88e16909525cb87c774a33c60f39422b3135aa2f8,478f356a984690ab2e0087b88e16909525cb87c774a33c60f39422b3135aa2f8
references/07-onset-and-card-points.md,52,references/07-onset-and-card-points.zh-CN.md,103,569ecd6be458c16bf473ba9d7652bd72118cf6fa5985280e246020b5b74d50f2,569ecd6be458c16bf473ba9d7652bd72118cf6fa5985280e246020b5b74d50f2
references/07-onset-and-card-points.md,53,references/07-onset-and-card-points.zh-CN.md,104,e3b0c44298fc1c149afbf4c8996fb92427ae41e4649b934ca495991b7852b855,e3b0c44298fc1c149afbf4c8996fb92427ae41e4649b934ca495991b7852b855
references/07-onset-and-card-points.md,54,references/07-onset-and-card-points.zh-CN.md,105,7851c3fac4e47b96d26597fe726d1345c66160005faa5f424291249aad8f02eb,7851c3fac4e47b96d26597fe726d1345c66160005faa5f424291249aad8f02eb
references/07-onset-and-card-points.md,55,references/07-onset-and-card-points.zh-CN.md,106,904d2445689283bdc2862a4d49f4aee07bf479be76777441258e0ec327ca36b5,f9fbb558df2fc80c3520f1c2da9b9ac888804a3fa0cf4de6546f5f1f767dfae5
references/07-onset-and-card-points.md,56,references/07-onset-and-card-points.zh-CN.md,107,dc3e1806a33a50e96752a5a13c3a59379ba09e497ac67dc414b2ec03f481b6ef,a293549a06005f4017029ebd0c8e3c9df10b8c66247d61271611c247321a1f04
references/07-onset-and-card-points.md,57,references/07-onset-and-card-points.zh-CN.md,108,8e6887e8024d5d6266cb367e78878779d3f5692752be174adb23ff38890f5157,aa3caa32930041b874c47f10991ec4e4afed47361fbf4fcc9d3c5edd10652670
references/07-onset-and-card-points.md,58,references/07-onset-and-card-points.zh-CN.md,109,e3b0c44298fc1c149afbf4c8996fb92427ae41e4649b934ca495991b7852b855,e3b0c44298fc1c149afbf4c8996fb92427ae41e4649b934ca495991b7852b855
references/07-onset-and-card-points.md,59,references/07-onset-and-card-points.zh-CN.md,110,cb3f91d54eee30e53e35b2b99905f70f169ed549fd78909d3dac2defc9ed8d3b,cb3f91d54eee30e53e35b2b99905f70f169ed549fd78909d3dac2defc9ed8d3b
references/07-onset-and-card-points.md,60,references/07-onset-and-card-points.zh-CN.md,111,e3b0c44298fc1c149afbf4c8996fb92427ae41e4649b934ca495991b7852b855,e3b0c44298fc1c149afbf4c8996fb92427ae41e4649b934ca495991b7852b855
references/07-onset-and-card-points.md,61,references/07-onset-and-card-points.zh-CN.md,112,e2d5b559d6a911e840794e3e90dbf2146df304d9e67770a9063830115686dc6a,e2d5b559d6a911e840794e3e90dbf2146df304d9e67770a9063830115686dc6a
references/07-onset-and-card-points.md,62,references/07-onset-and-card-points.zh-CN.md,113,e3b0c44298fc1c149afbf4c8996fb92427ae41e4649b934ca495991b7852b855,e3b0c44298fc1c149afbf4c8996fb92427ae41e4649b934ca495991b7852b855
references/07-onset-and-card-points.md,63,references/07-onset-and-card-points.zh-CN.md,114,bde5c5e92a81a493004cfe998cbc6afdc36e5e6570bc612889c779a1ad7c3250,2d12d7f7215175acb82ecd47f1a83930ed17941f840429de62d703cab12ea799
references/07-onset-and-card-points.md,64,references/07-onset-and-card-points.zh-CN.md,115,1d1ce37f7082ecf90f866576170d46736bdcd67edac505e719bec2612f1879b2,f552217b8b7250e131a0020dc65b315765f95e2aab653b4392e63e47a728e548
references/07-onset-and-card-points.md,65,references/07-onset-and-card-points.zh-CN.md,116,e858342b2e67005d7aa318755d299693dde9f573b1ea19386463fef9659ebde2,ef7371bcff96c0da829b450c8d116b566d153b34d86786823e23f2385937d92d
references/07-onset-and-card-points.md,66,references/07-onset-and-card-points.zh-CN.md,117,f6d2f6e7276781255f83ddbbb554c25cd316189746e6f45bd8bdcfb6bc7badd6,9194e7f83c13d21fc933e87d4e5871d94ee578b39aa186e5d1c985a33ee9ec25
references/07-onset-and-card-points.md,67,references/07-onset-and-card-points.zh-CN.md,118,e3b0c44298fc1c149afbf4c8996fb92427ae41e4649b934ca495991b7852b855,e3b0c44298fc1c149afbf4c8996fb92427ae41e4649b934ca495991b7852b855
references/07-onset-and-card-points.md,68,references/07-onset-and-card-points.zh-CN.md,119,cb3f91d54eee30e53e35b2b99905f70f169ed549fd78909d3dac2defc9ed8d3b,cb3f91d54eee30e53e35b2b99905f70f169ed549fd78909d3dac2defc9ed8d3b
references/07-onset-and-card-points.md,69,references/07-onset-and-card-points.zh-CN.md,120,e3b0c44298fc1c149afbf4c8996fb92427ae41e4649b934ca495991b7852b855,e3b0c44298fc1c149afbf4c8996fb92427ae41e4649b934ca495991b7852b855
references/07-onset-and-card-points.md,70,references/07-onset-and-card-points.zh-CN.md,121,59cc811a38a09cb15ea925945d225e2de0fb823c109355f2c81674cc4279056c,cccc92b9b829787b8be1cc5ab828be3756d2cc217941859440e6f79fd92e742b
references/07-onset-and-card-points.md,71,references/07-onset-and-card-points.zh-CN.md,122,e3b0c44298fc1c149afbf4c8996fb92427ae41e4649b934ca495991b7852b855,e3b0c44298fc1c149afbf4c8996fb92427ae41e4649b934ca495991b7852b855
references/07-onset-and-card-points.md,72,references/07-onset-and-card-points.zh-CN.md,123,add5d1c60411923c5a3ec70b5f467040628f11988fe59627b52a4f73feca58ee,add5d1c60411923c5a3ec70b5f467040628f11988fe59627b52a4f73feca58ee
references/07-onset-and-card-points.md,73,references/07-onset-and-card-points.zh-CN.md,124,c535fba63bb7ef1069d360c286e95322cb6297f20864dd499cd3dd782ddd8e15,c535fba63bb7ef1069d360c286e95322cb6297f20864dd499cd3dd782ddd8e15
references/07-onset-and-card-points.md,74,references/07-onset-and-card-points.zh-CN.md,125,c96add2f7c7e35c07a9da3d146f2c336c1d45338497194649cc5db2bf44a0c78,c96add2f7c7e35c07a9da3d146f2c336c1d45338497194649cc5db2bf44a0c78
references/07-onset-and-card-points.md,75,references/07-onset-and-card-points.zh-CN.md,126,fda2f43a270038c81bba73c7e47ce259e74a457699fa77d4cff31bcf4b0a8063,fda2f43a270038c81bba73c7e47ce259e74a457699fa77d4cff31bcf4b0a8063
references/07-onset-and-card-points.md,76,references/07-onset-and-card-points.zh-CN.md,127,f1b901847390b0ed7e374e7c1e464ec17b46a427c487a5ad6cbd2906405083d5,f1b901847390b0ed7e374e7c1e464ec17b46a427c487a5ad6cbd2906405083d5
references/07-onset-and-card-points.md,77,references/07-onset-and-card-points.zh-CN.md,128,e3b0c44298fc1c149afbf4c8996fb92427ae41e4649b934ca495991b7852b855,e3b0c44298fc1c149afbf4c8996fb92427ae41e4649b934ca495991b7852b855
references/07-onset-and-card-points.md,78,references/07-onset-and-card-points.zh-CN.md,129,49f79d71df84b2548b71e9745da98b81f260f46aaf38575dd9fe7f3f57d62b51,02035464ba004b897f423d349e85ed194c103f93fb0ec26f5c75ebc1af334b13
references/07-onset-and-card-points.md,79,references/07-onset-and-card-points.zh-CN.md,130,d3b15500f5cd4aa9917df96655b00141c5e30db390abbdd97a2d95e0a05d906e,48a06189d05e9e700a2dfe610f7a86dcc74716516cc16d514d7df5d53a87c7b6
references/07-onset-and-card-points.md,80,references/07-onset-and-card-points.zh-CN.md,131,965ca8e093977f364c86f4c126f15c3751a5349762d73d51ae95f81219a6a4e7,965ca8e093977f364c86f4c126f15c3751a5349762d73d51ae95f81219a6a4e7
references/07-onset-and-card-points.md,81,references/07-onset-and-card-points.zh-CN.md,132,e3b0c44298fc1c149afbf4c8996fb92427ae41e4649b934ca495991b7852b855,e3b0c44298fc1c149afbf4c8996fb92427ae41e4649b934ca495991b7852b855
references/07-onset-and-card-points.md,82,references/07-onset-and-card-points.zh-CN.md,133,cb3f91d54eee30e53e35b2b99905f70f169ed549fd78909d3dac2defc9ed8d3b,cb3f91d54eee30e53e35b2b99905f70f169ed549fd78909d3dac2defc9ed8d3b
references/07-onset-and-card-points.md,83,references/07-onset-and-card-points.zh-CN.md,134,e3b0c44298fc1c149afbf4c8996fb92427ae41e4649b934ca495991b7852b855,e3b0c44298fc1c149afbf4c8996fb92427ae41e4649b934ca495991b7852b855
references/07-onset-and-card-points.md,84,references/07-onset-and-card-points.zh-CN.md,135,4a50dbe924a127b5fb7d974a1fca3f4f05de6f170b0e705012441279824ec657,30c98184e9361d6f5f6b407673e4b5a9aa6d7171b0a47c514c8f615fb02864cd
references/07-onset-and-card-points.md,85,references/07-onset-and-card-points.zh-CN.md,136,e3b0c44298fc1c149afbf4c8996fb92427ae41e4649b934ca495991b7852b855,e3b0c44298fc1c149afbf4c8996fb92427ae41e4649b934ca495991b7852b855
references/07-onset-and-card-points.md,86,references/07-onset-and-card-points.zh-CN.md,137,f91bd29aabc866e1ea56050a16734fb9e28d283ace7afe06a18f9fcaa37e1bb3,f91bd29aabc866e1ea56050a16734fb9e28d283ace7afe06a18f9fcaa37e1bb3
references/07-onset-and-card-points.md,87,references/07-onset-and-card-points.zh-CN.md,138,e3b0c44298fc1c149afbf4c8996fb92427ae41e4649b934ca495991b7852b855,e3b0c44298fc1c149afbf4c8996fb92427ae41e4649b934ca495991b7852b855
references/07-onset-and-card-points.md,88,references/07-onset-and-card-points.zh-CN.md,139,add5d1c60411923c5a3ec70b5f467040628f11988fe59627b52a4f73feca58ee,add5d1c60411923c5a3ec70b5f467040628f11988fe59627b52a4f73feca58ee
references/07-onset-and-card-points.md,89,references/07-onset-and-card-points.zh-CN.md,140,3a84533a14389aa83b3b7f215a0f42134cc75999d25183e23e882f74afdc7dfa,3a84533a14389aa83b3b7f215a0f42134cc75999d25183e23e882f74afdc7dfa
references/07-onset-and-card-points.md,90,references/07-onset-and-card-points.zh-CN.md,141,4f05ad820921e86b908cbf55a355fca4ab10065aa4d2f661dc81f8e7c2bcfd4c,4f05ad820921e86b908cbf55a355fca4ab10065aa4d2f661dc81f8e7c2bcfd4c
references/07-onset-and-card-points.md,91,references/07-onset-and-card-points.zh-CN.md,142,f1b901847390b0ed7e374e7c1e464ec17b46a427c487a5ad6cbd2906405083d5,f1b901847390b0ed7e374e7c1e464ec17b46a427c487a5ad6cbd2906405083d5
references/07-onset-and-card-points.md,92,references/07-onset-and-card-points.zh-CN.md,143,e3b0c44298fc1c149afbf4c8996fb92427ae41e4649b934ca495991b7852b855,e3b0c44298fc1c149afbf4c8996fb92427ae41e4649b934ca495991b7852b855
references/07-onset-and-card-points.md,93,references/07-onset-and-card-points.zh-CN.md,144,9edbc800b02f5ed466d82975ea80e2db05f068d9886cbd5d69bcf6771757d04a,9a076ab7dcabab18b7cecb5878a06e9a6a39525538387dde52b185403d97525c
references/07-onset-and-card-points.md,94,references/07-onset-and-card-points.zh-CN.md,145,e3b0c44298fc1c149afbf4c8996fb92427ae41e4649b934ca495991b7852b855,e3b0c44298fc1c149afbf4c8996fb92427ae41e4649b934ca495991b7852b855
references/07-onset-and-card-points.md,95,references/07-onset-and-card-points.zh-CN.md,146,cb3f91d54eee30e53e35b2b99905f70f169ed549fd78909d3dac2defc9ed8d3b,cb3f91d54eee30e53e35b2b99905f70f169ed549fd78909d3dac2defc9ed8d3b
references/07-onset-and-card-points.md,96,references/07-onset-and-card-points.zh-CN.md,147,e3b0c44298fc1c149afbf4c8996fb92427ae41e4649b934ca495991b7852b855,e3b0c44298fc1c149afbf4c8996fb92427ae41e4649b934ca495991b7852b855
references/07-onset-and-card-points.md,97,references/07-onset-and-card-points.zh-CN.md,148,667456d2028c14294fe6e51f60b45785f170a47e8d4fb4e0682ad666d188b2c8,667456d2028c14294fe6e51f60b45785f170a47e8d4fb4e0682ad666d188b2c8
references/07-onset-and-card-points.md,98,references/07-onset-and-card-points.zh-CN.md,149,e3b0c44298fc1c149afbf4c8996fb92427ae41e4649b934ca495991b7852b855,e3b0c44298fc1c149afbf4c8996fb92427ae41e4649b934ca495991b7852b855
references/07-onset-and-card-points.md,99,references/07-onset-and-card-points.zh-CN.md,150,6cef0ed4b7c3e36f36bc5977c11ec23e925e067088f1fc7dab210a9312b58d9b,6cef0ed4b7c3e36f36bc5977c11ec23e925e067088f1fc7dab210a9312b58d9b
references/07-onset-and-card-points.md,100,references/07-onset-and-card-points.zh-CN.md,151,f90fb4b96ca4954cc38bbd00e2b4e9a4d5cf83160b674932a9a81c46af1fcd8e,f90fb4b96ca4954cc38bbd00e2b4e9a4d5cf83160b674932a9a81c46af1fcd8e
references/07-onset-and-card-points.md,101,references/07-onset-and-card-points.zh-CN.md,152,fe349d639d9777946880b76bc5868cb88ce720886000d1bf624547bc76318e9f,fe349d639d9777946880b76bc5868cb88ce720886000d1bf624547bc76318e9f
references/07-onset-and-card-points.md,102,references/07-onset-and-card-points.zh-CN.md,153,5d52851df98b3f426ae347750ae9fa02c77ec9c676ebb7b0f17f262eca02f798,3bd9922fede59e627d351f7e130fc8baa03bcd9fe155bcb18679dadbfdcbad83
references/08-multi-image-and-segmentation.md,1,references/08-multi-image-and-segmentation.zh-CN.md,54,3a56a28c27abb3ec8a76f1c52f0bde9a7d6cf13fb8635167097dbb437cfa76ab,86fb8855b80756fea1d4ad3f8a9f7dded69f658a9fd2cee16df094fc57c796f1
references/08-multi-image-and-segmentation.md,2,references/08-multi-image-and-segmentation.zh-CN.md,55,e3b0c44298fc1c149afbf4c8996fb92427ae41e4649b934ca495991b7852b855,e3b0c44298fc1c149afbf4c8996fb92427ae41e4649b934ca495991b7852b855
references/08-multi-image-and-segmentation.md,3,references/08-multi-image-and-segmentation.zh-CN.md,56,9d06cae0f19f05dc11105f290cbe736eb9e5d0ab99b2e6f80c7482011989dc8b,9d06cae0f19f05dc11105f290cbe736eb9e5d0ab99b2e6f80c7482011989dc8b
references/08-multi-image-and-segmentation.md,4,references/08-multi-image-and-segmentation.zh-CN.md,57,e3b0c44298fc1c149afbf4c8996fb92427ae41e4649b934ca495991b7852b855,e3b0c44298fc1c149afbf4c8996fb92427ae41e4649b934ca495991b7852b855
references/08-multi-image-and-segmentation.md,5,references/08-multi-image-and-segmentation.zh-CN.md,58,cb3f91d54eee30e53e35b2b99905f70f169ed549fd78909d3dac2defc9ed8d3b,cb3f91d54eee30e53e35b2b99905f70f169ed549fd78909d3dac2defc9ed8d3b
references/08-multi-image-and-segmentation.md,6,references/08-multi-image-and-segmentation.zh-CN.md,59,e3b0c44298fc1c149afbf4c8996fb92427ae41e4649b934ca495991b7852b855,e3b0c44298fc1c149afbf4c8996fb92427ae41e4649b934ca495991b7852b855
references/08-multi-image-and-segmentation.md,7,references/08-multi-image-and-segmentation.zh-CN.md,60,c845ae7d98a34e7236f2655a373254805514151dc5dcc723bec9c4a208235f10,4c819886d401da47cf7990016110dcfbdc8f3092352d8fab501b2e827f9ac9d3
references/08-multi-image-and-segmentation.md,8,references/08-multi-image-and-segmentation.zh-CN.md,61,e3b0c44298fc1c149afbf4c8996fb92427ae41e4649b934ca495991b7852b855,e3b0c44298fc1c149afbf4c8996fb92427ae41e4649b934ca495991b7852b855
references/08-multi-image-and-segmentation.md,9,references/08-multi-image-and-segmentation.zh-CN.md,62,4f55861489709f03592afaca77916a713338d2f63660cd58054e5850c9d258b2,7f52e28e17d068fe85bdcd8412273dbfcafba38e1e9c4c620392045c303e89f9
references/08-multi-image-and-segmentation.md,10,references/08-multi-image-and-segmentation.zh-CN.md,63,e3b0c44298fc1c149afbf4c8996fb92427ae41e4649b934ca495991b7852b855,e3b0c44298fc1c149afbf4c8996fb92427ae41e4649b934ca495991b7852b855
references/08-multi-image-and-segmentation.md,11,references/08-multi-image-and-segmentation.zh-CN.md,64,b4303485e97c25cfce7b34e9e754d0695b0453a586f5339555a0401596d672f6,b4303485e97c25cfce7b34e9e754d0695b0453a586f5339555a0401596d672f6
references/08-multi-image-and-segmentation.md,12,references/08-multi-image-and-segmentation.zh-CN.md,65,28ef787cfe67f49e1af4020425948b6c4579dc5fd6c96af2182a6ef85b6fe5db,28ef787cfe67f49e1af4020425948b6c4579dc5fd6c96af2182a6ef85b6fe5db
references/08-multi-image-and-segmentation.md,13,references/08-multi-image-and-segmentation.zh-CN.md,66,e3b0c44298fc1c149afbf4c8996fb92427ae41e4649b934ca495991b7852b855,e3b0c44298fc1c149afbf4c8996fb92427ae41e4649b934ca495991b7852b855
references/08-multi-image-and-segmentation.md,14,references/08-multi-image-and-segmentation.zh-CN.md,67,3ced280ee657057411ad6fc664120aaf6e4d09d43273080895131d4fb6ccb396,3ced280ee657057411ad6fc664120aaf6e4d09d43273080895131d4fb6ccb396
references/08-multi-image-and-segmentation.md,15,references/08-multi-image-and-segmentation.zh-CN.md,68,e3b0c44298fc1c149afbf4c8996fb92427ae41e4649b934ca495991b7852b855,e3b0c44298fc1c149afbf4c8996fb92427ae41e4649b934ca495991b7852b855
references/08-multi-image-and-segmentation.md,16,references/08-multi-image-and-segmentation.zh-CN.md,69,b4a313791c1fbca2c1410d1d5b1190af4087723ec1b6c1c4ba776298d6dd6228,b4a313791c1fbca2c1410d1d5b1190af4087723ec1b6c1c4ba776298d6dd6228
references/08-multi-image-and-segmentation.md,17,references/08-multi-image-and-segmentation.zh-CN.md,70,296d72536a0cfffb90146238e0a6b0e05b3de6a05208c09336c6bffef448817f,c122c4f9165c5cf365eca5f788ef99080db13176e6203b6fd6d1f1d8aadcbde1
references/08-multi-image-and-segmentation.md,18,references/08-multi-image-and-segmentation.zh-CN.md,71,04d173073bf6151a12061f3ed0e42431a9bcc1fe49dccd63e456294eca1269dd,916941de9f13a5fabcc7811be92dbdebd2ba5170f6cee0d59ade140c9f0c8ee7
references/08-multi-image-and-segmentation.md,19,references/08-multi-image-and-segmentation.zh-CN.md,72,76d15cc776ead5d2a17572053111ff0c892afc699bf55f34503c1dc2b256b598,1d83e81d9c2dc226553ce3bf759d6e5774ecfc15f12ae8c6c747cda13c294b83
references/08-multi-image-and-segmentation.md,20,references/08-multi-image-and-segmentation.zh-CN.md,73,faae3d9ffe6c791bdd7118bc753d577707e758fd8ac44192f10bb29f3b2f3cdc,ca2b1ce576ae877035db475551cf91fceec59c043ebb24b401d80713737406ab
references/08-multi-image-and-segmentation.md,21,references/08-multi-image-and-segmentation.zh-CN.md,74,a8f68bae3fdc31da2dfb365b2a7c426e48ff06678f28463b83b486b23e41e62e,8597a4a319d1d346eb877bef788741b704e911a7568f28ebe72a7b9df4997642
references/08-multi-image-and-segmentation.md,22,references/08-multi-image-and-segmentation.zh-CN.md,75,75f4eed93e2d3b1cdc8c37283b307a1791d66e831ddeabf0d3bcfe166b8f3a51,8c37172d55a5730ad5310753d5772b79097081722949d8727758a9b7aa826ff4
references/08-multi-image-and-segmentation.md,23,references/08-multi-image-and-segmentation.zh-CN.md,76,b3133132d318ea3aabcb94bec88fe885e4596529663ed82da1bba6ddfe7c138d,c56f9a7f42b13ac1ae3acb8cfd4928627e299931b1228ac3ae07e2900a192958
references/08-multi-image-and-segmentation.md,24,references/08-multi-image-and-segmentation.zh-CN.md,77,77b41a29d92aacd8ca0b31c35635522dc30bca43102db06b8aa2e0d05a9f95b7,524a357f30ef2a72e07a6c0296989fa36cb4f13f4cdf49b976ddaf28f3aa37f5
references/08-multi-image-and-segmentation.md,25,references/08-multi-image-and-segmentation.zh-CN.md,78,d136f49e5f126b8a5e959360980c312ebaa9dcefbcb97470f1b9f44d71a43729,ce76e3be19a81e1314fa088defd8c2ee6fc7ddb206387f00b6963259c00fe480
references/08-multi-image-and-segmentation.md,26,references/08-multi-image-and-segmentation.zh-CN.md,79,f1b901847390b0ed7e374e7c1e464ec17b46a427c487a5ad6cbd2906405083d5,f1b901847390b0ed7e374e7c1e464ec17b46a427c487a5ad6cbd2906405083d5
references/08-multi-image-and-segmentation.md,27,references/08-multi-image-and-segmentation.zh-CN.md,80,e3b0c44298fc1c149afbf4c8996fb92427ae41e4649b934ca495991b7852b855,e3b0c44298fc1c149afbf4c8996fb92427ae41e4649b934ca495991b7852b855
references/08-multi-image-and-segmentation.md,28,references/08-multi-image-and-segmentation.zh-CN.md,81,c3df6a6f1de46cde5f032a854b962c0cabbe26f9880132440f64e388c08df90b,c3df6a6f1de46cde5f032a854b962c0cabbe26f9880132440f64e388c08df90b
references/08-multi-image-and-segmentation.md,29,references/08-multi-image-and-segmentation.zh-CN.md,82,e3b0c44298fc1c149afbf4c8996fb92427ae41e4649b934ca495991b7852b855,e3b0c44298fc1c149afbf4c8996fb92427ae41e4649b934ca495991b7852b855
references/08-multi-image-and-segmentation.md,30,references/08-multi-image-and-segmentation.zh-CN.md,83,5a6160b3cff59da78714f173dc010b02ecec30fba3f257bf23dce7f6300b22a8,5a6160b3cff59da78714f173dc010b02ecec30fba3f257bf23dce7f6300b22a8
references/08-multi-image-and-segmentation.md,31,references/08-multi-image-and-segmentation.zh-CN.md,84,4199ba454d6d3ae83657120c2bb6bd674eefc0dd7d3cd4cc844171dc6725135b,4199ba454d6d3ae83657120c2bb6bd674eefc0dd7d3cd4cc844171dc6725135b
references/08-multi-image-and-segmentation.md,32,references/08-multi-image-and-segmentation.zh-CN.md,85,9d0969890c39b6a5173835dd6e4efd3855970dbd284b790fae3fdf47a5c5e950,9d0969890c39b6a5173835dd6e4efd3855970dbd284b790fae3fdf47a5c5e950
references/08-multi-image-and-segmentation.md,33,references/08-multi-image-and-segmentation.zh-CN.md,86,11547f156a8938760eb29f5aab80e6af0f95ac947c008b4fd430015d84a8b02d,11547f156a8938760eb29f5aab80e6af0f95ac947c008b4fd430015d84a8b02d
references/08-multi-image-and-segmentation.md,34,references/08-multi-image-and-segmentation.zh-CN.md,87,2a9479fb1211a6e2153bfbc45029358b093f0b7f6a02412e09d19f7ac1360975,2a9479fb1211a6e2153bfbc45029358b093f0b7f6a02412e09d19f7ac1360975
references/08-multi-image-and-segmentation.md,35,references/08-multi-image-and-segmentation.zh-CN.md,88,9f325ef15695f01c1f654784ebb089ed5747e8fdcdd1288c839216b233c31c1f,9f325ef15695f01c1f654784ebb089ed5747e8fdcdd1288c839216b233c31c1f
references/08-multi-image-and-segmentation.md,36,references/08-multi-image-and-segmentation.zh-CN.md,89,7a05fd37204015950b8b9837df012b1699e8f7137858d27c54fc3ede46143d84,7a05fd37204015950b8b9837df012b1699e8f7137858d27c54fc3ede46143d84
references/08-multi-image-and-segmentation.md,37,references/08-multi-image-and-segmentation.zh-CN.md,90,76930f008c57f4c26a086781af9a433acaa2e9cb95240c800c4db0d911f9cc2f,76930f008c57f4c26a086781af9a433acaa2e9cb95240c800c4db0d911f9cc2f
references/08-multi-image-and-segmentation.md,38,references/08-multi-image-and-segmentation.zh-CN.md,91,e3b0c44298fc1c149afbf4c8996fb92427ae41e4649b934ca495991b7852b855,e3b0c44298fc1c149afbf4c8996fb92427ae41e4649b934ca495991b7852b855
references/08-multi-image-and-segmentation.md,39,references/08-multi-image-and-segmentation.zh-CN.md,92,39264ea26ab7422d8abc1fddd888409d0c5cd94167078c31f5092c365dcddf9c,39264ea26ab7422d8abc1fddd888409d0c5cd94167078c31f5092c365dcddf9c
references/08-multi-image-and-segmentation.md,40,references/08-multi-image-and-segmentation.zh-CN.md,93,e3b0c44298fc1c149afbf4c8996fb92427ae41e4649b934ca495991b7852b855,e3b0c44298fc1c149afbf4c8996fb92427ae41e4649b934ca495991b7852b855
references/08-multi-image-and-segmentation.md,41,references/08-multi-image-and-segmentation.zh-CN.md,94,b4a313791c1fbca2c1410d1d5b1190af4087723ec1b6c1c4ba776298d6dd6228,b4a313791c1fbca2c1410d1d5b1190af4087723ec1b6c1c4ba776298d6dd6228
references/08-multi-image-and-segmentation.md,42,references/08-multi-image-and-segmentation.zh-CN.md,95,16794234bd45a39f06b6ebe0fedf99570285b312662dd262f3f7636ae2cfa38a,6dd4e6d248735fea33381ac8aedc2d5230a19c8374be0678a2f4231805979ec6
references/08-multi-image-and-segmentation.md,43,references/08-multi-image-and-segmentation.zh-CN.md,96,b68ca0c7f3c3c012275dfa1aa1062ba22f2433c3e185090eb413f6fe336c8a3b,bd1f717e0fcde6154bc21ad661c4d7f18b0c9f45bf9f52c3ecc35e82d19bc58f
references/08-multi-image-and-segmentation.md,44,references/08-multi-image-and-segmentation.zh-CN.md,97,e5fb1ba79ab57f15ac20716352b2ba06320a0531516d0da67660c5f3bb633a5b,caeb9fa29a62b576e1a85ed8aca4ee19a621102bc38746df927f5284b5c9d190
references/08-multi-image-and-segmentation.md,45,references/08-multi-image-and-segmentation.zh-CN.md,98,ba0c75895338482ed3a704c257d560bfc86f95522e51a4f0791287c106051297,4f4114696e7123e51234ff8b3545a987322e177567046046d14a91313151344f
references/08-multi-image-and-segmentation.md,46,references/08-multi-image-and-segmentation.zh-CN.md,99,f1b901847390b0ed7e374e7c1e464ec17b46a427c487a5ad6cbd2906405083d5,f1b901847390b0ed7e374e7c1e464ec17b46a427c487a5ad6cbd2906405083d5
references/08-multi-image-and-segmentation.md,47,references/08-multi-image-and-segmentation.zh-CN.md,100,e3b0c44298fc1c149afbf4c8996fb92427ae41e4649b934ca495991b7852b855,e3b0c44298fc1c149afbf4c8996fb92427ae41e4649b934ca495991b7852b855
references/08-multi-image-and-segmentation.md,48,references/08-multi-image-and-segmentation.zh-CN.md,101,64e23d5181d9f6f1d0db9e59be03ebd6f1f88b14fcebafe8490424aab0fdc177,c9e95eba97bea26b7663ce8952b2a6b7a4784513af4f7c2a6918a29423a43076
references/08-multi-image-and-segmentation.md,49,references/08-multi-image-and-segmentation.zh-CN.md,102,e3b0c44298fc1c149afbf4c8996fb92427ae41e4649b934ca495991b7852b855,e3b0c44298fc1c149afbf4c8996fb92427ae41e4649b934ca495991b7852b855
references/08-multi-image-and-segmentation.md,50,references/08-multi-image-and-segmentation.zh-CN.md,103,cb3f91d54eee30e53e35b2b99905f70f169ed549fd78909d3dac2defc9ed8d3b,cb3f91d54eee30e53e35b2b99905f70f169ed549fd78909d3dac2defc9ed8d3b
references/08-multi-image-and-segmentation.md,51,references/08-multi-image-and-segmentation.zh-CN.md,104,e3b0c44298fc1c149afbf4c8996fb92427ae41e4649b934ca495991b7852b855,e3b0c44298fc1c149afbf4c8996fb92427ae41e4649b934ca495991b7852b855
references/08-multi-image-and-segmentation.md,52,references/08-multi-image-and-segmentation.zh-CN.md,105,158418f000a64fc593c53d4acbafcd75fd2c834ed909f60191f994c0fa133336,158418f000a64fc593c53d4acbafcd75fd2c834ed909f60191f994c0fa133336
references/08-multi-image-and-segmentation.md,53,references/08-multi-image-and-segmentation.zh-CN.md,106,e3b0c44298fc1c149afbf4c8996fb92427ae41e4649b934ca495991b7852b855,e3b0c44298fc1c149afbf4c8996fb92427ae41e4649b934ca495991b7852b855
references/08-multi-image-and-segmentation.md,54,references/08-multi-image-and-segmentation.zh-CN.md,107,39536f6bf0663dd7f8de940c3f6d21f0958e6d1a9e87207665bec59554ce71cc,39536f6bf0663dd7f8de940c3f6d21f0958e6d1a9e87207665bec59554ce71cc
references/08-multi-image-and-segmentation.md,55,references/08-multi-image-and-segmentation.zh-CN.md,108,e3b0c44298fc1c149afbf4c8996fb92427ae41e4649b934ca495991b7852b855,e3b0c44298fc1c149afbf4c8996fb92427ae41e4649b934ca495991b7852b855
references/08-multi-image-and-segmentation.md,56,references/08-multi-image-and-segmentation.zh-CN.md,109,53f2694b2293624d349e5fe35e63383564de269d1eb12ea5970c6fed1bb99d16,53f2694b2293624d349e5fe35e63383564de269d1eb12ea5970c6fed1bb99d16
references/08-multi-image-and-segmentation.md,57,references/08-multi-image-and-segmentation.zh-CN.md,110,4751ea2c36081a26ced6a6d54afc4f09483928fda32ba1eafbd9e236a589a4fa,a3f9185b42d71fd65e0ffd3cd397c00406c92db120f037e9805d223d4c661224
references/08-multi-image-and-segmentation.md,58,references/08-multi-image-and-segmentation.zh-CN.md,111,166d7b83dcdbf274bb90a2c68d431bbc71bac6ff0cba5b23b42ff2e01559fdfd,166d7b83dcdbf274bb90a2c68d431bbc71bac6ff0cba5b23b42ff2e01559fdfd
references/08-multi-image-and-segmentation.md,59,references/08-multi-image-and-segmentation.zh-CN.md,112,e3b0c44298fc1c149afbf4c8996fb92427ae41e4649b934ca495991b7852b855,e3b0c44298fc1c149afbf4c8996fb92427ae41e4649b934ca495991b7852b855
references/08-multi-image-and-segmentation.md,60,references/08-multi-image-and-segmentation.zh-CN.md,113,254d517b2167dbb42b98880d810a58e49a5f57992a523de34cfff3b425c1067b,254d517b2167dbb42b98880d810a58e49a5f57992a523de34cfff3b425c1067b
references/08-multi-image-and-segmentation.md,61,references/08-multi-image-and-segmentation.zh-CN.md,114,e3b0c44298fc1c149afbf4c8996fb92427ae41e4649b934ca495991b7852b855,e3b0c44298fc1c149afbf4c8996fb92427ae41e4649b934ca495991b7852b855
references/08-multi-image-and-segmentation.md,62,references/08-multi-image-and-segmentation.zh-CN.md,115,fe496700983d7fc2d6150cc6f7d58f12068b1096ed16c8a1eac1d9227ef7a971,fe496700983d7fc2d6150cc6f7d58f12068b1096ed16c8a1eac1d9227ef7a971
references/08-multi-image-and-segmentation.md,63,references/08-multi-image-and-segmentation.zh-CN.md,116,b376da63b27a64bd426b136b1799739844fc587b3fd75e07f40bf2e2c92dfd0a,b376da63b27a64bd426b136b1799739844fc587b3fd75e07f40bf2e2c92dfd0a
references/08-multi-image-and-segmentation.md,64,references/08-multi-image-and-segmentation.zh-CN.md,117,1de15b11cd139af8988f58c66bd8cb8ad0dbfdff06601fb341e10c708ca15e62,1de15b11cd139af8988f58c66bd8cb8ad0dbfdff06601fb341e10c708ca15e62
references/08-multi-image-and-segmentation.md,65,references/08-multi-image-and-segmentation.zh-CN.md,118,e3b0c44298fc1c149afbf4c8996fb92427ae41e4649b934ca495991b7852b855,e3b0c44298fc1c149afbf4c8996fb92427ae41e4649b934ca495991b7852b855
references/08-multi-image-and-segmentation.md,66,references/08-multi-image-and-segmentation.zh-CN.md,119,7a10ac9a21e2aaed850d256e19ca03ab7cacd6b1b5a976078dd1dc5a5a86698e,7a10ac9a21e2aaed850d256e19ca03ab7cacd6b1b5a976078dd1dc5a5a86698e
references/08-multi-image-and-segmentation.md,67,references/08-multi-image-and-segmentation.zh-CN.md,120,e3b0c44298fc1c149afbf4c8996fb92427ae41e4649b934ca495991b7852b855,e3b0c44298fc1c149afbf4c8996fb92427ae41e4649b934ca495991b7852b855
references/08-multi-image-and-segmentation.md,68,references/08-multi-image-and-segmentation.zh-CN.md,121,7d923658bd6bc3ec1b929740908622f75888c99beeb916f80ae6af1e6d42c953,ba9caa15a40aec84e70902ef1bac0fa52837fc8f801d917d7f438030a7efad2e
references/08-multi-image-and-segmentation.md,69,references/08-multi-image-and-segmentation.zh-CN.md,122,ab77cc0771817b1606dba011dc5c5b13b05eecdda87dd61408f3a8032bc2d208,ab77cc0771817b1606dba011dc5c5b13b05eecdda87dd61408f3a8032bc2d208
references/08-multi-image-and-segmentation.md,70,references/08-multi-image-and-segmentation.zh-CN.md,123,cf54944327e45576bc4757258a6954f43278e1e82880f70d21e392919759553f,93f8ac7692204d8b9e57aa908626f52a9dd80056b3892136754128a6b90a0035
references/08-multi-image-and-segmentation.md,71,references/08-multi-image-and-segmentation.zh-CN.md,124,e3b0c44298fc1c149afbf4c8996fb92427ae41e4649b934ca495991b7852b855,e3b0c44298fc1c149afbf4c8996fb92427ae41e4649b934ca495991b7852b855
references/08-multi-image-and-segmentation.md,72,references/08-multi-image-and-segmentation.zh-CN.md,125,69cd071e7f46fd995da55a1cbb7993f41c0d71ee846d506d3ac1b9b9833f961f,38104c0e5d0851162d625c51a94ce5b43eea000823f567097c1de949c619b817
references/08-multi-image-and-segmentation.md,73,references/08-multi-image-and-segmentation.zh-CN.md,126,e3b0c44298fc1c149afbf4c8996fb92427ae41e4649b934ca495991b7852b855,e3b0c44298fc1c149afbf4c8996fb92427ae41e4649b934ca495991b7852b855
references/08-multi-image-and-segmentation.md,74,references/08-multi-image-and-segmentation.zh-CN.md,127,e7f7b9f832f1e3f245051fe206e08b73d8cbf834953a4fc93ce26e62d93cad40,e7f7b9f832f1e3f245051fe206e08b73d8cbf834953a4fc93ce26e62d93cad40
references/08-multi-image-and-segmentation.md,75,references/08-multi-image-and-segmentation.zh-CN.md,128,04cdaa2ec339fd35223a2f985c5f6bb126d359598655f98416b89a25593558bc,04cdaa2ec339fd35223a2f985c5f6bb126d359598655f98416b89a25593558bc
references/08-multi-image-and-segmentation.md,76,references/08-multi-image-and-segmentation.zh-CN.md,129,bdf46ebf32c38734d3cdcc46aff0bd60603de9bffb636d7095112777f244d385,bdf46ebf32c38734d3cdcc46aff0bd60603de9bffb636d7095112777f244d385
references/08-multi-image-and-segmentation.md,77,references/08-multi-image-and-segmentation.zh-CN.md,130,e3b0c44298fc1c149afbf4c8996fb92427ae41e4649b934ca495991b7852b855,e3b0c44298fc1c149afbf4c8996fb92427ae41e4649b934ca495991b7852b855
references/08-multi-image-and-segmentation.md,78,references/08-multi-image-and-segmentation.zh-CN.md,131,a1ea61d141eba5532d24dc07b56af8c52ff56d42bc0fa0fb75fe6774f8e895ab,a1ea61d141eba5532d24dc07b56af8c52ff56d42bc0fa0fb75fe6774f8e895ab
references/08-multi-image-and-segmentation.md,79,references/08-multi-image-and-segmentation.zh-CN.md,132,e3b0c44298fc1c149afbf4c8996fb92427ae41e4649b934ca495991b7852b855,e3b0c44298fc1c149afbf4c8996fb92427ae41e4649b934ca495991b7852b855
references/08-multi-image-and-segmentation.md,80,references/08-multi-image-and-segmentation.zh-CN.md,133,b4a313791c1fbca2c1410d1d5b1190af4087723ec1b6c1c4ba776298d6dd6228,b4a313791c1fbca2c1410d1d5b1190af4087723ec1b6c1c4ba776298d6dd6228
references/08-multi-image-and-segmentation.md,81,references/08-multi-image-and-segmentation.zh-CN.md,134,c31f9bb91e31c915d69ef783a22de4362176f150190626e88940e4e507153019,24e852de6475955cdd2537b8300fee2f8f5e5301f2d6e51e801c2280496dee4f
references/08-multi-image-and-segmentation.md,82,references/08-multi-image-and-segmentation.zh-CN.md,135,016b77bf7795ff4d624249d3b41d28835f8140b9b74dc86f11bad8ed8948ba20,407aacb934d237b1736a1c9c37f8658cdb9ea657edd25ab5a2e0d0d3c904c891
references/08-multi-image-and-segmentation.md,83,references/08-multi-image-and-segmentation.zh-CN.md,136,f92a86e194894e149cd69d8261bb7eabda232acc13441e3dbafcfa4b57aca7ee,a029a4a433b4de3b93ac8937d3e3c4aa404d42b6e58af2d28a1d492b067d4b6a
references/08-multi-image-and-segmentation.md,84,references/08-multi-image-and-segmentation.zh-CN.md,137,e3b0c44298fc1c149afbf4c8996fb92427ae41e4649b934ca495991b7852b855,e3b0c44298fc1c149afbf4c8996fb92427ae41e4649b934ca495991b7852b855
references/08-multi-image-and-segmentation.md,85,references/08-multi-image-and-segmentation.zh-CN.md,138,4072769aa0434117af47b339f34c5603317873951855860e0a57a27ca12f990f,da9d9de091d73637947a5591817ce7aa15d1beb018f15ea2643e7dff5b470cd8
references/08-multi-image-and-segmentation.md,86,references/08-multi-image-and-segmentation.zh-CN.md,139,409db963e8a830f4f75c22ea27971cbb185db61672aae8b9473f0ba6b5bf55cd,59cda71ee780dc0a409ca6bc60df404c23d95c144a42123a0bf07e053cd0a925
references/08-multi-image-and-segmentation.md,87,references/08-multi-image-and-segmentation.zh-CN.md,140,3e2b77048277531ec85fc2645b97c93d25e63f2fc7da09779cb75217b3a8f645,138df2fc52afabd86cb0c18b149322ad629ab271afc9baa28d10d4412e2f4246
references/08-multi-image-and-segmentation.md,88,references/08-multi-image-and-segmentation.zh-CN.md,141,d3280842a712b9cfb2d2719b77656ea69ce5074dfbeeb1b34c4199fe8094988b,dd1a834c4afc3ac5f2ef49467767f669d5a83fcfe2570ad625e0ad1a7036d6ca
references/08-multi-image-and-segmentation.md,89,references/08-multi-image-and-segmentation.zh-CN.md,142,55b9b49a7011039192a53ffb164633ccf86e6733b87ec2bb5af8c6695cb57ac1,2e4e41cc7da4226a1d60fb72f539daccb5eff5c1b9c6c9b0ae91a63a2a1eed7f
references/08-multi-image-and-segmentation.md,90,references/08-multi-image-and-segmentation.zh-CN.md,143,f1b901847390b0ed7e374e7c1e464ec17b46a427c487a5ad6cbd2906405083d5,f1b901847390b0ed7e374e7c1e464ec17b46a427c487a5ad6cbd2906405083d5
references/08-multi-image-and-segmentation.md,91,references/08-multi-image-and-segmentation.zh-CN.md,144,e3b0c44298fc1c149afbf4c8996fb92427ae41e4649b934ca495991b7852b855,e3b0c44298fc1c149afbf4c8996fb92427ae41e4649b934ca495991b7852b855
references/08-multi-image-and-segmentation.md,92,references/08-multi-image-and-segmentation.zh-CN.md,145,0b1159b73ed292ee971d1cbc10fc90c8b6d5bec251fc148976456afee462b1ec,0b1159b73ed292ee971d1cbc10fc90c8b6d5bec251fc148976456afee462b1ec
references/08-multi-image-and-segmentation.md,93,references/08-multi-image-and-segmentation.zh-CN.md,146,e3b0c44298fc1c149afbf4c8996fb92427ae41e4649b934ca495991b7852b855,e3b0c44298fc1c149afbf4c8996fb92427ae41e4649b934ca495991b7852b855
references/08-multi-image-and-segmentation.md,94,references/08-multi-image-and-segmentation.zh-CN.md,147,59c71bf7708af1dd6828d6e6473ccac17481bdfb9f59c5708eebdb25c2ceb053,59c71bf7708af1dd6828d6e6473ccac17481bdfb9f59c5708eebdb25c2ceb053
references/08-multi-image-and-segmentation.md,95,references/08-multi-image-and-segmentation.zh-CN.md,148,4199ba454d6d3ae83657120c2bb6bd674eefc0dd7d3cd4cc844171dc6725135b,4199ba454d6d3ae83657120c2bb6bd674eefc0dd7d3cd4cc844171dc6725135b
references/08-multi-image-and-segmentation.md,96,references/08-multi-image-and-segmentation.zh-CN.md,149,6419ce52ab56a85c3ea1dd15b55023935a2db499510fd71d5a1a662ff01eb503,679b67b4042c2ed5d570067ebcfade0ff480212514b3ed8e2391b32417f0f745
references/08-multi-image-and-segmentation.md,97,references/08-multi-image-and-segmentation.zh-CN.md,150,510ac4297c5a2914812844fa7fdea1b60be0a1488957ba8ce595cdeacb2303e9,510ac4297c5a2914812844fa7fdea1b60be0a1488957ba8ce595cdeacb2303e9
references/08-multi-image-and-segmentation.md,98,references/08-multi-image-and-segmentation.zh-CN.md,151,d421cfd52a28748e45b0cb25e4a88b3fea6f186d7afc31fe4d35f7d7a609ba1a,d421cfd52a28748e45b0cb25e4a88b3fea6f186d7afc31fe4d35f7d7a609ba1a
references/08-multi-image-and-segmentation.md,99,references/08-multi-image-and-segmentation.zh-CN.md,152,63f754c7f414091dffeccf5d31681aa2ce6518b89ddbea61ed4bec36ee3b7910,63f754c7f414091dffeccf5d31681aa2ce6518b89ddbea61ed4bec36ee3b7910
references/08-multi-image-and-segmentation.md,100,references/08-multi-image-and-segmentation.zh-CN.md,153,aabf9d1a7d681011a1ef7c8b979d6206afa11aec50b1d0ff7372e39dfbeb1aba,54d363aee8c41056defddfd1bcf594f3092f98ca102c252c521ec3562e25eb7d
references/08-multi-image-and-segmentation.md,101,references/08-multi-image-and-segmentation.zh-CN.md,154,e3b0c44298fc1c149afbf4c8996fb92427ae41e4649b934ca495991b7852b855,e3b0c44298fc1c149afbf4c8996fb92427ae41e4649b934ca495991b7852b855
references/08-multi-image-and-segmentation.md,102,references/08-multi-image-and-segmentation.zh-CN.md,155,cb3f91d54eee30e53e35b2b99905f70f169ed549fd78909d3dac2defc9ed8d3b,cb3f91d54eee30e53e35b2b99905f70f169ed549fd78909d3dac2defc9ed8d3b
references/08-multi-image-and-segmentation.md,103,references/08-multi-image-and-segmentation.zh-CN.md,156,e3b0c44298fc1c149afbf4c8996fb92427ae41e4649b934ca495991b7852b855,e3b0c44298fc1c149afbf4c8996fb92427ae41e4649b934ca495991b7852b855
references/08-multi-image-and-segmentation.md,104,references/08-multi-image-and-segmentation.zh-CN.md,157,9f34e3409061c3d7a482ad675195edf8ad23481ddd5dd0d5010af8fe3763f28d,9f34e3409061c3d7a482ad675195edf8ad23481ddd5dd0d5010af8fe3763f28d
references/08-multi-image-and-segmentation.md,105,references/08-multi-image-and-segmentation.zh-CN.md,158,e3b0c44298fc1c149afbf4c8996fb92427ae41e4649b934ca495991b7852b855,e3b0c44298fc1c149afbf4c8996fb92427ae41e4649b934ca495991b7852b855
references/08-multi-image-and-segmentation.md,106,references/08-multi-image-and-segmentation.zh-CN.md,159,8b82432c87adcf8fc8378f9ade56d1b99e6d02745156cb3ef8119ab19d85a374,8b82432c87adcf8fc8378f9ade56d1b99e6d02745156cb3ef8119ab19d85a374
references/08-multi-image-and-segmentation.md,107,references/08-multi-image-and-segmentation.zh-CN.md,160,b4f4b2ad104433d71e4fdb370001af93a02b0b77b40c0d0c0d649d1ed0fd34e3,b4f4b2ad104433d71e4fdb370001af93a02b0b77b40c0d0c0d649d1ed0fd34e3
references/08-multi-image-and-segmentation.md,108,references/08-multi-image-and-segmentation.zh-CN.md,161,c8a0b481c5a55bbc80c11c7ccae2354279263f4be6ea00da04d0c407cbccbdfb,8ddc3b1bb384016333263fed12b73b2fe4f90c03d48e6d057d49c94b88b274a0
references/08-multi-image-and-segmentation.md,109,references/08-multi-image-and-segmentation.zh-CN.md,162,92400e543e47797c7ffde46739584a8bd440a51d5eb5045f236c0e023f1bcf92,92400e543e47797c7ffde46739584a8bd440a51d5eb5045f236c0e023f1bcf92
references/08-multi-image-and-segmentation.md,110,references/08-multi-image-and-segmentation.zh-CN.md,163,36813b945db5fb2e4e4f77065bdbb078e0a4a0c4f0b9064f3e5d64a7ea5f0dec,276fe3c5b1b867df3f60faefef5eb17b7a3cf34232a531273f967a56545ac250
references/08-multi-image-and-segmentation.md,111,references/08-multi-image-and-segmentation.zh-CN.md,164,a6f3aafa8a1c2af1d896261a24a4dbbc129bc3863006ff19329346c2c74f0350,a6f3aafa8a1c2af1d896261a24a4dbbc129bc3863006ff19329346c2c74f0350
references/08-multi-image-and-segmentation.md,112,references/08-multi-image-and-segmentation.zh-CN.md,165,8712ca53e86ae742b6ea70d696637c8369726784b1495b959efdf736804a5e97,8712ca53e86ae742b6ea70d696637c8369726784b1495b959efdf736804a5e97
references/audio-heuristics.md,1,references/audio-heuristics.zh-CN.md,48,62a803bddf6e1a86cccc0faaec4275c42556e333c8741af79079030733ab4c27,fb7bb2380adfe0a9efa3ee5ae3378363b9ff7deb5ee1abffcb8d03294c60606e
references/audio-heuristics.md,2,references/audio-heuristics.zh-CN.md,49,e3b0c44298fc1c149afbf4c8996fb92427ae41e4649b934ca495991b7852b855,e3b0c44298fc1c149afbf4c8996fb92427ae41e4649b934ca495991b7852b855
references/audio-heuristics.md,3,references/audio-heuristics.zh-CN.md,50,7f84b90684343cd0b30624c7dcde636cdad57e63ae96e379a91d546cf934b0ce,2046754598fcae7fe06f23a7b91ccc76a976ab97db70cca230bbdf34c1174f43
references/audio-heuristics.md,4,references/audio-heuristics.zh-CN.md,51,e3b0c44298fc1c149afbf4c8996fb92427ae41e4649b934ca495991b7852b855,e3b0c44298fc1c149afbf4c8996fb92427ae41e4649b934ca495991b7852b855
references/audio-heuristics.md,5,references/audio-heuristics.zh-CN.md,52,812d24f3bd70413434c03d4613ea2876db276a2b7897b516b09792968e25aa3e,d9dbe7a6e510a7fd038fc9e75bfc283b93c98e42b0db5c644b414115e8b8b1b0
references/audio-heuristics.md,6,references/audio-heuristics.zh-CN.md,53,e3b0c44298fc1c149afbf4c8996fb92427ae41e4649b934ca495991b7852b855,e3b0c44298fc1c149afbf4c8996fb92427ae41e4649b934ca495991b7852b855
references/audio-heuristics.md,7,references/audio-heuristics.zh-CN.md,54,c5fed70589657b64a95e7bb67600868d4b3feeedde872ed89c3cc062dd602bbd,227b6fde3eeaf78dec3961eae505009eba5ce88c58afe0e7930ae68a612eaace
references/audio-heuristics.md,8,references/audio-heuristics.zh-CN.md,55,e3b0c44298fc1c149afbf4c8996fb92427ae41e4649b934ca495991b7852b855,e3b0c44298fc1c149afbf4c8996fb92427ae41e4649b934ca495991b7852b855
references/audio-heuristics.md,9,references/audio-heuristics.zh-CN.md,56,add5d1c60411923c5a3ec70b5f467040628f11988fe59627b52a4f73feca58ee,add5d1c60411923c5a3ec70b5f467040628f11988fe59627b52a4f73feca58ee
references/audio-heuristics.md,10,references/audio-heuristics.zh-CN.md,57,f590098190ec8c8c8f869bc06e73f28e23aeadb05591b43cdbcc7851dba53227,f590098190ec8c8c8f869bc06e73f28e23aeadb05591b43cdbcc7851dba53227
references/audio-heuristics.md,11,references/audio-heuristics.zh-CN.md,58,cf439565b25296ee259cf8e37dc3c4b49b8e7f2084173f55a8fada81acc5279e,cf439565b25296ee259cf8e37dc3c4b49b8e7f2084173f55a8fada81acc5279e
references/audio-heuristics.md,12,references/audio-heuristics.zh-CN.md,59,f1b901847390b0ed7e374e7c1e464ec17b46a427c487a5ad6cbd2906405083d5,f1b901847390b0ed7e374e7c1e464ec17b46a427c487a5ad6cbd2906405083d5
references/audio-heuristics.md,13,references/audio-heuristics.zh-CN.md,60,e3b0c44298fc1c149afbf4c8996fb92427ae41e4649b934ca495991b7852b855,e3b0c44298fc1c149afbf4c8996fb92427ae41e4649b934ca495991b7852b855
references/audio-heuristics.md,14,references/audio-heuristics.zh-CN.md,61,11d773a78d086c34be52ee7501068b0560da22514486dc87f263c1cf32c1a3a0,e3eecfb538a97e3b04c8da9fc64406f7eb8773c47b9b573e428561e01176c182
references/audio-heuristics.md,15,references/audio-heuristics.zh-CN.md,62,37c78373e9cc4e0309f01f4fc4c486223f8a7194371133e2064f9de5e800c8c9,f765693244913d0f305f0c42ad95f340e69a447f721eb07feeded2762888dad2
references/audio-heuristics.md,16,references/audio-heuristics.zh-CN.md,63,743b1677ae10769a3a9c871135276d11b3c4600fb4e8dc477a77fc55f44f2688,4b2aae7d5da866ef0e9bf82bdcba8282c0c60a44ebdd78a159984b8388d42ffe
references/audio-heuristics.md,17,references/audio-heuristics.zh-CN.md,64,273a1620ec1d25beaff8a7572ef96642c91ef96e8c58e7ffa5a603adc164d526,bb1c132d16df2b974e65d75cd15882458658cf57e22fcb6911154f2ab4d5d9e9
references/audio-heuristics.md,18,references/audio-heuristics.zh-CN.md,65,e3b0c44298fc1c149afbf4c8996fb92427ae41e4649b934ca495991b7852b855,e3b0c44298fc1c149afbf4c8996fb92427ae41e4649b934ca495991b7852b855
references/audio-heuristics.md,19,references/audio-heuristics.zh-CN.md,66,50b309218d56046e6f16f0f148e0296c00692e41d67c615f48b202af89489bc6,21fd86e638a91b7d56f7811f8a5ad7a69228eebd4497adf30238d23cf10b9f03
references/audio-heuristics.md,20,references/audio-heuristics.zh-CN.md,67,e3b0c44298fc1c149afbf4c8996fb92427ae41e4649b934ca495991b7852b855,e3b0c44298fc1c149afbf4c8996fb92427ae41e4649b934ca495991b7852b855
references/audio-heuristics.md,21,references/audio-heuristics.zh-CN.md,68,add5d1c60411923c5a3ec70b5f467040628f11988fe59627b52a4f73feca58ee,add5d1c60411923c5a3ec70b5f467040628f11988fe59627b52a4f73feca58ee
references/audio-heuristics.md,22,references/audio-heuristics.zh-CN.md,69,1ee2a8713b4e22fa572acb273883495199a878f6bd203d514c695531d3205359,1ee2a8713b4e22fa572acb273883495199a878f6bd203d514c695531d3205359
references/audio-heuristics.md,23,references/audio-heuristics.zh-CN.md,70,f1b901847390b0ed7e374e7c1e464ec17b46a427c487a5ad6cbd2906405083d5,f1b901847390b0ed7e374e7c1e464ec17b46a427c487a5ad6cbd2906405083d5
references/audio-heuristics.md,24,references/audio-heuristics.zh-CN.md,71,e3b0c44298fc1c149afbf4c8996fb92427ae41e4649b934ca495991b7852b855,e3b0c44298fc1c149afbf4c8996fb92427ae41e4649b934ca495991b7852b855
references/audio-heuristics.md,25,references/audio-heuristics.zh-CN.md,72,5ca733fc6839cc503ffbcc0de7d1eceaab704f303e24f6480d73f2db8c8ef5d5,67c7bf10346b5920f316283717a774aeb162af35ddc067e73b0ab3692f4f7c84
references/audio-heuristics.md,26,references/audio-heuristics.zh-CN.md,73,e3b0c44298fc1c149afbf4c8996fb92427ae41e4649b934ca495991b7852b855,e3b0c44298fc1c149afbf4c8996fb92427ae41e4649b934ca495991b7852b855
references/audio-heuristics.md,27,references/audio-heuristics.zh-CN.md,74,58027510beb99185e32b0c9fb926a737475dd7d99b033c4c82cd67b0442b7d94,75e46d8bf60d95255e20090d11eb378da5bbba95d17006d5a7a8b6b81725dfb1
references/audio-heuristics.md,28,references/audio-heuristics.zh-CN.md,75,7e7c45d72d288b189f1c3e56283282ea893c852e37c3de324cc1e088dded5332,24f6222fae158f0d3b76922441efa827759dcf79799eac8ba694bb3b027e9d8c
references/audio-heuristics.md,29,references/audio-heuristics.zh-CN.md,76,df254e2e9b328edf671b062e8d9a516b00e7d859f39ed0a84cd9701709b67ad3,85b6fea4345be79fce5501065964c4c3fbe036a5fd1b4021c1032f32028c7231
references/audio-heuristics.md,30,references/audio-heuristics.zh-CN.md,77,e3b0c44298fc1c149afbf4c8996fb92427ae41e4649b934ca495991b7852b855,e3b0c44298fc1c149afbf4c8996fb92427ae41e4649b934ca495991b7852b855
references/audio-heuristics.md,31,references/audio-heuristics.zh-CN.md,78,7e15eaafee5462dca5500ccf180e11b55a0f07f94c3fb75065e5ae46b4b743da,e2996c3086d7d5152c9ae8d0982e575f42c745a418e12a762c2cc869f40920fa
references/audio-heuristics.md,32,references/audio-heuristics.zh-CN.md,79,e3b0c44298fc1c149afbf4c8996fb92427ae41e4649b934ca495991b7852b855,e3b0c44298fc1c149afbf4c8996fb92427ae41e4649b934ca495991b7852b855
references/audio-heuristics.md,33,references/audio-heuristics.zh-CN.md,80,fae20b2ad333ac214e73f167e9c91b613793f934465bd1f45200a98d1d655d3c,3dc26e303cb5381dcaadb9e415a8574dbb6053c38fd659e68eca848e9a56d972
references/audio-heuristics.md,34,references/audio-heuristics.zh-CN.md,81,e3b0c44298fc1c149afbf4c8996fb92427ae41e4649b934ca495991b7852b855,e3b0c44298fc1c149afbf4c8996fb92427ae41e4649b934ca495991b7852b855
references/audio-heuristics.md,35,references/audio-heuristics.zh-CN.md,82,888403842deb25e258572ef49acf4ec72420de39814a0ef8af0ad954ca018eb1,61ea71ad59a703aa139b7edccd55db8c93a5c2f351a3c7ca68e0db6c8b7f78e1
references/audio-heuristics.md,36,references/audio-heuristics.zh-CN.md,83,283d1af8ae56f5012b4bba73b1ea2485e70ac48f82972a3be73648594953b23c,c736df63dced3d3a675dce70f96fac77560ec0d8d884d849e9eb5a7106fe5c22
references/audio-heuristics.md,37,references/audio-heuristics.zh-CN.md,84,b0c5dc512150513dd4533dadaab61d1c62e7ed0cb272cc2165959a226752f6ee,2549fa1435d5aed61ea5204e6431cbf0f84baf6faccd0d0db214ceb0b1f1be74
references/audio-heuristics.md,38,references/audio-heuristics.zh-CN.md,85,0ca88ab05ba6ef80f9d8f8e901fa8a4c3f41d94ad15eb8a2a2ca5a775a6b1a70,d341a045f64b5c2d717b7dcd4767e1ac89ceb6419086e9be5d2cf7fc256cbd08
references/audio-heuristics.md,39,references/audio-heuristics.zh-CN.md,86,e3b0c44298fc1c149afbf4c8996fb92427ae41e4649b934ca495991b7852b855,e3b0c44298fc1c149afbf4c8996fb92427ae41e4649b934ca495991b7852b855
references/audio-heuristics.md,40,references/audio-heuristics.zh-CN.md,87,2f4b13b918b7f3e1cd68981c36e9cec9ec087501de2c16d9a953bd704af4bf34,13e7a03c0fcfae8c881e2bc0d6a5038ca4ad2ca98272f747c9ad89556ccbc567
references/audio-heuristics.md,41,references/audio-heuristics.zh-CN.md,88,e3b0c44298fc1c149afbf4c8996fb92427ae41e4649b934ca495991b7852b855,e3b0c44298fc1c149afbf4c8996fb92427ae41e4649b934ca495991b7852b855
references/audio-heuristics.md,42,references/audio-heuristics.zh-CN.md,89,add5d1c60411923c5a3ec70b5f467040628f11988fe59627b52a4f73feca58ee,add5d1c60411923c5a3ec70b5f467040628f11988fe59627b52a4f73feca58ee
references/audio-heuristics.md,43,references/audio-heuristics.zh-CN.md,90,8c20a8fb3bc90fd4e08c6661df28e577b5b0441f36e9ebc2e20eacd8ff2d50c0,8c20a8fb3bc90fd4e08c6661df28e577b5b0441f36e9ebc2e20eacd8ff2d50c0
references/audio-heuristics.md,44,references/audio-heuristics.zh-CN.md,91,5298a8680301c750523673184e6a20f8c2e215dbfe4a3056df508330e6ee6722,5298a8680301c750523673184e6a20f8c2e215dbfe4a3056df508330e6ee6722
references/audio-heuristics.md,45,references/audio-heuristics.zh-CN.md,92,298aff160272b169b92628dfbc6df2e4127012bbac9dff33effaccf8a0af3b16,298aff160272b169b92628dfbc6df2e4127012bbac9dff33effaccf8a0af3b16
references/audio-heuristics.md,46,references/audio-heuristics.zh-CN.md,93,f1b901847390b0ed7e374e7c1e464ec17b46a427c487a5ad6cbd2906405083d5,f1b901847390b0ed7e374e7c1e464ec17b46a427c487a5ad6cbd2906405083d5
references/audio-heuristics.md,47,references/audio-heuristics.zh-CN.md,94,e3b0c44298fc1c149afbf4c8996fb92427ae41e4649b934ca495991b7852b855,e3b0c44298fc1c149afbf4c8996fb92427ae41e4649b934ca495991b7852b855
references/audio-heuristics.md,48,references/audio-heuristics.zh-CN.md,95,de351412ed775387b92ec99bd060f8514abadda54963b530653913235c7da292,0df32d5766f25a5c7217e230fa4f1179d627e442d50f014faf4ab0f5769ea28a
references/audio-heuristics.md,49,references/audio-heuristics.zh-CN.md,96,4199ba454d6d3ae83657120c2bb6bd674eefc0dd7d3cd4cc844171dc6725135b,4199ba454d6d3ae83657120c2bb6bd674eefc0dd7d3cd4cc844171dc6725135b
references/audio-heuristics.md,50,references/audio-heuristics.zh-CN.md,97,d516f2f10bda895784385cff1caaf964ac2bf759b9671760dcb519008c14e4c5,75ac60ed8b918901000a3091a6fe4a309aa7ea95f0530395569e86f868620b57
references/audio-heuristics.md,51,references/audio-heuristics.zh-CN.md,98,ceddfa280caa066647bd4ebc78975163975bbc25662bc0314daa7b4686801e34,9372239c702ae4dd2a81bc7bf3d638d77f6c41a39c0899e41ec8f97145ba6266
references/audio-heuristics.md,52,references/audio-heuristics.zh-CN.md,99,e3b0c44298fc1c149afbf4c8996fb92427ae41e4649b934ca495991b7852b855,e3b0c44298fc1c149afbf4c8996fb92427ae41e4649b934ca495991b7852b855
references/audio-heuristics.md,53,references/audio-heuristics.zh-CN.md,100,31f5b778b9c4f82d1863dc61f5141c95c7e4a2e949940fba62eac88ecbaa0264,d4fcfb541befa371a972fc7020740e057a4bae2537423dc13b310f5f6e83ebb3
references/audio-heuristics.md,54,references/audio-heuristics.zh-CN.md,101,4da1ec6f47782090102dc16bda978efb5655fbf2ddce0f84ecf1faf79a930f2d,4da1ec6f47782090102dc16bda978efb5655fbf2ddce0f84ecf1faf79a930f2d
references/audio-heuristics.md,55,references/audio-heuristics.zh-CN.md,102,f67b532c8867103321db6cf3fc3d2c0c8aeb216682c07f83df23c0fa2ff0dbd0,f880acf016e0379d8c27faf493e94fc9df829572113b108fb5ee2f5e6620675b
references/audio-heuristics.md,56,references/audio-heuristics.zh-CN.md,103,13d4fd34d4eecab5634678fab9c9d9d1b603a4cf679a5483fce2998e87de520f,49d122cf621a3e714f9b42f69bac18f0ac8fb27516e50bc80b03bd5a5ba34330
references/audio-heuristics.md,57,references/audio-heuristics.zh-CN.md,104,d2a31eddb28edb246c8c1b2a978ee3391ef515f1857940dd538b78343802ea5d,32f367aee376b21c3e5bda48f7c8f50e4894932361b1c2df5882f34fb5c0c3c4
references/audio-heuristics.md,58,references/audio-heuristics.zh-CN.md,105,543f94084bf3a39662f227381c43afd6adb95c83a9435a5e79dab85527be3b4b,2913d630c29f82f17e4cc1fd7c6241bc6e0e6b01f1825cbd11b3baf68f77516c
references/audio-heuristics.md,59,references/audio-heuristics.zh-CN.md,106,ee051329f3c4c00150ee1110c658dc05cb22915d6d0aae957faa4b37330b985f,b199681b1ddfbfcde8fb50b530b774b34637e34c94c34292a37a2315cde9619a
references/audio-heuristics.md,60,references/audio-heuristics.zh-CN.md,107,17fde54fe4b0241f685a2736fbbca3128e20d2da1136c274df0f4b76acc540c2,32615c72b3fe2f18535a796bebcbdb911bf9c401b68655ffef19bff7f96a7c1c
references/audio-heuristics.md,61,references/audio-heuristics.zh-CN.md,108,5016b9889858e9e187a20f8c42d9cdb002071070078d8fd6dde322a80005ef9b,06ff5b28ba3743bdb6a0f1e9afbb28f4e33659ca94967d3b45dbd7419513bd42
references/audio-heuristics.md,62,references/audio-heuristics.zh-CN.md,109,e3b0c44298fc1c149afbf4c8996fb92427ae41e4649b934ca495991b7852b855,e3b0c44298fc1c149afbf4c8996fb92427ae41e4649b934ca495991b7852b855
references/audio-heuristics.md,63,references/audio-heuristics.zh-CN.md,110,752415adc1f5726aacd19bc648addfd55af49b41fdaa4ae44e0094fbe244bd4c,3b9d5a0d117656a36fad9f3cd7ec608ddaa79980adbae873d914c919a916517e
references/audio-heuristics.md,64,references/audio-heuristics.zh-CN.md,111,e3b0c44298fc1c149afbf4c8996fb92427ae41e4649b934ca495991b7852b855,e3b0c44298fc1c149afbf4c8996fb92427ae41e4649b934ca495991b7852b855
references/audio-heuristics.md,65,references/audio-heuristics.zh-CN.md,112,63bcd24448df41f6a6654d24daa512c80f76bd19894e6a313bf86e584fcde493,2a731d048ef65e7eb3c747d2e4847e9bf4bb135f1e4751fd58207534f74706a4
references/audio-heuristics.md,66,references/audio-heuristics.zh-CN.md,113,4199ba454d6d3ae83657120c2bb6bd674eefc0dd7d3cd4cc844171dc6725135b,4199ba454d6d3ae83657120c2bb6bd674eefc0dd7d3cd4cc844171dc6725135b
references/audio-heuristics.md,67,references/audio-heuristics.zh-CN.md,114,991aa1a7154521fe582b15b2b0c4c2a988fc808b7760722f624c943808c55a00,81246f858bea63511c4480c4b50173e15981f512403a23af40f3df02e7eb853d
references/audio-heuristics.md,68,references/audio-heuristics.zh-CN.md,115,4429e55859a7c4b51f225b6983284cd589b916c891826e207bb65e2d6eb389c4,6d0281f6b2d3df6c5ef19053a303d363a10226974fecfc7ad0f11ed99cfe38a4
references/audio-heuristics.md,69,references/audio-heuristics.zh-CN.md,116,4818433bc4052e8c3c00278299f53a5427a38a92a35c88be5c37c3ea67a98449,ed0e47f0edffaae595e63d87c297af80efa1d29377ec5dac794ea5996a3f9ac4
references/audio-heuristics.md,70,references/audio-heuristics.zh-CN.md,117,41ef8793de7a70de59eeeaa8d753da609aff9d882b722d21ba9cb4ac8af66be4,5f74f0183409bcb749902384ac678d3992eba8a3bbed6d7aba6a364322861710
references/audio-heuristics.md,71,references/audio-heuristics.zh-CN.md,118,de5b874c78c5438df9d339718b9417764da88cb44727bb49d63e082ada8f06dd,42781bfd2114f77b24bcb8c21c4888b5f1562b120c3ec023515eceaf3ae62db8
references/audio-heuristics.md,72,references/audio-heuristics.zh-CN.md,119,e3b0c44298fc1c149afbf4c8996fb92427ae41e4649b934ca495991b7852b855,e3b0c44298fc1c149afbf4c8996fb92427ae41e4649b934ca495991b7852b855
references/audio-heuristics.md,73,references/audio-heuristics.zh-CN.md,120,e2d0fb91410fe647df77037539fc40a331502e71652d3edc904cc559be230b00,c78e1521e4a9103eefe604e62a89229b76e9a2453f6d77b94bda5e1d5d0705d3
references/audio-heuristics.md,74,references/audio-heuristics.zh-CN.md,121,e3b0c44298fc1c149afbf4c8996fb92427ae41e4649b934ca495991b7852b855,e3b0c44298fc1c149afbf4c8996fb92427ae41e4649b934ca495991b7852b855
references/audio-heuristics.md,75,references/audio-heuristics.zh-CN.md,122,1cae0867a2873238381467ecf5e6b6567f45a2e2ee11cabc923646d6dc3ca6df,82e7128a1688d96711be0e945df0df7d56e068e9867b6322d03bfe49763d2dfc
references/audio-heuristics.md,76,references/audio-heuristics.zh-CN.md,123,4199ba454d6d3ae83657120c2bb6bd674eefc0dd7d3cd4cc844171dc6725135b,4199ba454d6d3ae83657120c2bb6bd674eefc0dd7d3cd4cc844171dc6725135b
references/audio-heuristics.md,77,references/audio-heuristics.zh-CN.md,124,f4a11a81901aa5473d654c033d1bb4534b4665c25da02d043bee87d064cb1192,6e0adba124219c07fbfc769a2a87bc7af091d040572a462cdd9eb24e2a737a02
references/audio-heuristics.md,78,references/audio-heuristics.zh-CN.md,125,c160939a67a210153b255effc36e22f6535714212dc08b66ffcf3f5ad9416c63,104f88c59c77caa6790ce04bd34d5adb0a5af4b75796e335c3b2fc2d7824a301
references/audio-heuristics.md,79,references/audio-heuristics.zh-CN.md,126,ea819cc97b9e6f1591ab7426e56937fa67268f1a66ae3ccf1251bc953cafc14d,e224f731ecdbf76fd7cf0c011b87f54f89b91dfade1d5bb78a42e613ad41f2ce
references/audio-heuristics.md,80,references/audio-heuristics.zh-CN.md,127,8be289d70a885a1c1eb55ce4a0b5b999b92d90273da04e50511078acafc2ea0d,8eb9238668cdf10e84222596d84ee527aebba5d3a85555322729a4fb33caa90c
references/audio-heuristics.md,81,references/audio-heuristics.zh-CN.md,128,fb15fcb0e343c6f877193afa15a10421f3d0b4f770b38c3baa5e0c78d6e9d3c6,108f8bde731d5a6681ce7adaf095932a96b6efe351a341c66d21bfb97bbdfeb7
references/audio-heuristics.md,82,references/audio-heuristics.zh-CN.md,129,7333304e03c9008d5972d94a6b3cd22d02c615fc35f4902db2f1a6ae0299485b,c0ea3012b6f22ff1b7ee1ecd12688447be92ae7759010d73e352d23ac41f3928
references/audio-heuristics.md,83,references/audio-heuristics.zh-CN.md,130,e3b0c44298fc1c149afbf4c8996fb92427ae41e4649b934ca495991b7852b855,e3b0c44298fc1c149afbf4c8996fb92427ae41e4649b934ca495991b7852b855
references/audio-heuristics.md,84,references/audio-heuristics.zh-CN.md,131,fb348aca509ffa7495c736af19705cfec0498d6fc17fe1201aae5be60f356ad9,c7ec9ee0866859f2cdd52c629facec4548f967697d9513b7b0be073569c8eb95
references/audio-heuristics.md,85,references/audio-heuristics.zh-CN.md,132,e3b0c44298fc1c149afbf4c8996fb92427ae41e4649b934ca495991b7852b855,e3b0c44298fc1c149afbf4c8996fb92427ae41e4649b934ca495991b7852b855
references/audio-heuristics.md,86,references/audio-heuristics.zh-CN.md,133,df12745a5f3b19ed6458b835cfa4b99bcfab7870ce76b698725681004cf93197,99cb238e338a5274524a44db6a34765d1ee5d490c9ac3a043fcc0f38991b7845
references/audio-heuristics.md,87,references/audio-heuristics.zh-CN.md,134,e3b0c44298fc1c149afbf4c8996fb92427ae41e4649b934ca495991b7852b855,e3b0c44298fc1c149afbf4c8996fb92427ae41e4649b934ca495991b7852b855
references/audio-heuristics.md,88,references/audio-heuristics.zh-CN.md,135,28219fad61a054f8c6407731c32767f9eec775b684f6ba749e726a4ebd10c87f,de275b3142b6c6a9769d910f0056d54f61477b8022760f9b7ea0e59ea4f7401f
references/audio-heuristics.md,89,references/audio-heuristics.zh-CN.md,136,e3b0c44298fc1c149afbf4c8996fb92427ae41e4649b934ca495991b7852b855,e3b0c44298fc1c149afbf4c8996fb92427ae41e4649b934ca495991b7852b855
references/audio-heuristics.md,90,references/audio-heuristics.zh-CN.md,137,040527b491550a3b08b33a76c0d3a0496d4533ef0da41de254b7f5dbd4927eca,ac7a45d68acce67573f148fcc21b4c181831bd221eac84f4d80d195d2fab3edd
references/audio-heuristics.md,91,references/audio-heuristics.zh-CN.md,138,eb227668b76768b89300b096de03fb4e76247509bd14ff5309d26cb420446c9e,dea25ff1788e04ea43db57590265da9ed34cc1858ab3ec4e8a4286c2661feed2
references/audio-heuristics.md,92,references/audio-heuristics.zh-CN.md,139,333713674729aa21f2b5543328a449922a6c9a475379d58e75532d9a032dfbfc,ca9961421e5b3062e2f1e0b8ac5a349eaa1b148d998a98547822d00afa2f7dac
references/audio-heuristics.md,93,references/audio-heuristics.zh-CN.md,140,b32cb442bd64950ef094e9dbf27b54a5bc07a18d8fad6f2a5981175129646be3,b2b4b1a827a139f470029eebfb11aa15e094520c6335fa243688d2eabe05b380
references/ffmpeg-cheatsheet.md,1,references/ffmpeg-cheatsheet.zh-CN.md,46,477c382655d09af54eb00be771dd9261703f2e7945661e3eeb8b32fc22c9275d,77aa58ebf62787cd63deb02b4814b6a7fa796787034c688f104c1a43320a668b
references/ffmpeg-cheatsheet.md,2,references/ffmpeg-cheatsheet.zh-CN.md,47,e3b0c44298fc1c149afbf4c8996fb92427ae41e4649b934ca495991b7852b855,e3b0c44298fc1c149afbf4c8996fb92427ae41e4649b934ca495991b7852b855
references/ffmpeg-cheatsheet.md,3,references/ffmpeg-cheatsheet.zh-CN.md,48,c414b521be6dad2f67fd580f6b543039b6d77545587b8a30356bd5a6e7b221be,176b9a2dc8d80b10be1271e105090acf360cfa12818bd50ba2c2cdcc03cf952b
references/ffmpeg-cheatsheet.md,4,references/ffmpeg-cheatsheet.zh-CN.md,49,e3b0c44298fc1c149afbf4c8996fb92427ae41e4649b934ca495991b7852b855,e3b0c44298fc1c149afbf4c8996fb92427ae41e4649b934ca495991b7852b855
references/ffmpeg-cheatsheet.md,5,references/ffmpeg-cheatsheet.zh-CN.md,50,b574908c382823a99bef8e290fd38133a60fe5650df0054e3f62693d1ea9565b,2b40af44ba835199c43d86129d8fc3afc886ec3d89ca2d4f592fe009c1d710a6
references/ffmpeg-cheatsheet.md,6,references/ffmpeg-cheatsheet.zh-CN.md,51,e3b0c44298fc1c149afbf4c8996fb92427ae41e4649b934ca495991b7852b855,e3b0c44298fc1c149afbf4c8996fb92427ae41e4649b934ca495991b7852b855
references/ffmpeg-cheatsheet.md,7,references/ffmpeg-cheatsheet.zh-CN.md,52,add5d1c60411923c5a3ec70b5f467040628f11988fe59627b52a4f73feca58ee,add5d1c60411923c5a3ec70b5f467040628f11988fe59627b52a4f73feca58ee
references/ffmpeg-cheatsheet.md,8,references/ffmpeg-cheatsheet.zh-CN.md,53,21ed567aab5fd4ce16fe499cc6bd15119688c5c8d71f1d3213cf93c0791fd56e,21ed567aab5fd4ce16fe499cc6bd15119688c5c8d71f1d3213cf93c0791fd56e
references/ffmpeg-cheatsheet.md,9,references/ffmpeg-cheatsheet.zh-CN.md,54,f1b901847390b0ed7e374e7c1e464ec17b46a427c487a5ad6cbd2906405083d5,f1b901847390b0ed7e374e7c1e464ec17b46a427c487a5ad6cbd2906405083d5
references/ffmpeg-cheatsheet.md,10,references/ffmpeg-cheatsheet.zh-CN.md,55,e3b0c44298fc1c149afbf4c8996fb92427ae41e4649b934ca495991b7852b855,e3b0c44298fc1c149afbf4c8996fb92427ae41e4649b934ca495991b7852b855
references/ffmpeg-cheatsheet.md,11,references/ffmpeg-cheatsheet.zh-CN.md,56,1855b3b96a6e9d24e5d6953184bfa70a6c512af478f9238a0cd114a80b7680b6,accd137acee5ab220648c273e393e93a35c5155ae40e023c78b4a7ccc9208882
references/ffmpeg-cheatsheet.md,12,references/ffmpeg-cheatsheet.zh-CN.md,57,e3b0c44298fc1c149afbf4c8996fb92427ae41e4649b934ca495991b7852b855,e3b0c44298fc1c149afbf4c8996fb92427ae41e4649b934ca495991b7852b855
references/ffmpeg-cheatsheet.md,13,references/ffmpeg-cheatsheet.zh-CN.md,58,add5d1c60411923c5a3ec70b5f467040628f11988fe59627b52a4f73feca58ee,add5d1c60411923c5a3ec70b5f467040628f11988fe59627b52a4f73feca58ee
references/ffmpeg-cheatsheet.md,14,references/ffmpeg-cheatsheet.zh-CN.md,59,62cb3e8204fe8d1abdf31c42e231e0c078618da29e61d0a2566208a637081761,62cb3e8204fe8d1abdf31c42e231e0c078618da29e61d0a2566208a637081761
references/ffmpeg-cheatsheet.md,15,references/ffmpeg-cheatsheet.zh-CN.md,60,04f0f953719d07ffb67e22a0aaf803b731290c6b07cd675e74bea1e656fd92f3,04f0f953719d07ffb67e22a0aaf803b731290c6b07cd675e74bea1e656fd92f3
references/ffmpeg-cheatsheet.md,16,references/ffmpeg-cheatsheet.zh-CN.md,61,e3d4061b26c6fc46067dbb9de13bc917f52247ef4e2e3a2bd6254c385a8f234a,e3d4061b26c6fc46067dbb9de13bc917f52247ef4e2e3a2bd6254c385a8f234a
references/ffmpeg-cheatsheet.md,17,references/ffmpeg-cheatsheet.zh-CN.md,62,f1b901847390b0ed7e374e7c1e464ec17b46a427c487a5ad6cbd2906405083d5,f1b901847390b0ed7e374e7c1e464ec17b46a427c487a5ad6cbd2906405083d5
references/ffmpeg-cheatsheet.md,18,references/ffmpeg-cheatsheet.zh-CN.md,63,e3b0c44298fc1c149afbf4c8996fb92427ae41e4649b934ca495991b7852b855,e3b0c44298fc1c149afbf4c8996fb92427ae41e4649b934ca495991b7852b855
references/ffmpeg-cheatsheet.md,19,references/ffmpeg-cheatsheet.zh-CN.md,64,2c1f367821241a2380c3a45e15f99962efaa7afe0ffd4c303d96c79214a510a3,d726d26df06d3b2f491280e3ca67e48624833c978e385ddbd9087a7662483c16
references/ffmpeg-cheatsheet.md,20,references/ffmpeg-cheatsheet.zh-CN.md,65,e3b0c44298fc1c149afbf4c8996fb92427ae41e4649b934ca495991b7852b855,e3b0c44298fc1c149afbf4c8996fb92427ae41e4649b934ca495991b7852b855
references/ffmpeg-cheatsheet.md,21,references/ffmpeg-cheatsheet.zh-CN.md,66,7aecd058b909713cf722960da3dc43adc1c945dc15d74323aefd8eee9e4659c4,e06d82bbac95022ff688d01c87df396207d3023058e632347af88803216bd302
references/ffmpeg-cheatsheet.md,22,references/ffmpeg-cheatsheet.zh-CN.md,67,e3b0c44298fc1c149afbf4c8996fb92427ae41e4649b934ca495991b7852b855,e3b0c44298fc1c149afbf4c8996fb92427ae41e4649b934ca495991b7852b855
references/ffmpeg-cheatsheet.md,23,references/ffmpeg-cheatsheet.zh-CN.md,68,add5d1c60411923c5a3ec70b5f467040628f11988fe59627b52a4f73feca58ee,add5d1c60411923c5a3ec70b5f467040628f11988fe59627b52a4f73feca58ee
references/ffmpeg-cheatsheet.md,24,references/ffmpeg-cheatsheet.zh-CN.md,69,dcff03105e956253a416af275e85271ed25274a915366c6111f943faf1ebba8f,dcff03105e956253a416af275e85271ed25274a915366c6111f943faf1ebba8f
references/ffmpeg-cheatsheet.md,25,references/ffmpeg-cheatsheet.zh-CN.md,70,749adf614af7d2aaf6869ba3cc555601279036ab3b9a58949a49940b9d356eb6,749adf614af7d2aaf6869ba3cc555601279036ab3b9a58949a49940b9d356eb6
references/ffmpeg-cheatsheet.md,26,references/ffmpeg-cheatsheet.zh-CN.md,71,544ebeb8e3970cccb81b1bfa6579f64a3e845e27a8953ac75f999f2de574103a,544ebeb8e3970cccb81b1bfa6579f64a3e845e27a8953ac75f999f2de574103a
references/ffmpeg-cheatsheet.md,27,references/ffmpeg-cheatsheet.zh-CN.md,72,7aba9e4780b5efa2bbb6397ca888488d869c72144ee1c592aa6230ccba1d6276,7aba9e4780b5efa2bbb6397ca888488d869c72144ee1c592aa6230ccba1d6276
references/ffmpeg-cheatsheet.md,28,references/ffmpeg-cheatsheet.zh-CN.md,73,d335a091c0e65b1a8e3b6f66afc1cefb37c174120ecf076c6b9d9063fdabe784,d335a091c0e65b1a8e3b6f66afc1cefb37c174120ecf076c6b9d9063fdabe784
references/ffmpeg-cheatsheet.md,29,references/ffmpeg-cheatsheet.zh-CN.md,74,e2532d67075e38c4ec79405ea19478b8385fc7baa6550586c3ed0e0d2fd8e310,e2532d67075e38c4ec79405ea19478b8385fc7baa6550586c3ed0e0d2fd8e310
references/ffmpeg-cheatsheet.md,30,references/ffmpeg-cheatsheet.zh-CN.md,75,d10b36aa74a59bcf4a88185837f658afaf3646eff2bb16c3928d0e9335e945d2,d10b36aa74a59bcf4a88185837f658afaf3646eff2bb16c3928d0e9335e945d2
references/ffmpeg-cheatsheet.md,31,references/ffmpeg-cheatsheet.zh-CN.md,76,f1b901847390b0ed7e374e7c1e464ec17b46a427c487a5ad6cbd2906405083d5,f1b901847390b0ed7e374e7c1e464ec17b46a427c487a5ad6cbd2906405083d5
references/ffmpeg-cheatsheet.md,32,references/ffmpeg-cheatsheet.zh-CN.md,77,e3b0c44298fc1c149afbf4c8996fb92427ae41e4649b934ca495991b7852b855,e3b0c44298fc1c149afbf4c8996fb92427ae41e4649b934ca495991b7852b855
references/ffmpeg-cheatsheet.md,33,references/ffmpeg-cheatsheet.zh-CN.md,78,2dff5cca61ab0f8e54777231b59968afd7f8264fe9048e25af55d30df7b32645,eb86ef73802c8c54fa018a509ec25b754c51a9ef3ca7757809e897769781abdc
references/ffmpeg-cheatsheet.md,34,references/ffmpeg-cheatsheet.zh-CN.md,79,e3b0c44298fc1c149afbf4c8996fb92427ae41e4649b934ca495991b7852b855,e3b0c44298fc1c149afbf4c8996fb92427ae41e4649b934ca495991b7852b855
references/ffmpeg-cheatsheet.md,35,references/ffmpeg-cheatsheet.zh-CN.md,80,d96091b0bdce3b1a2712e7d795b8d02d447e5bae761a063c55790ced00ca90d0,fe2c3e16b0b5fdd7523d22e7f0ea9ecbd65bd7416791cbc618d971269b31d840
references/ffmpeg-cheatsheet.md,36,references/ffmpeg-cheatsheet.zh-CN.md,81,e3b0c44298fc1c149afbf4c8996fb92427ae41e4649b934ca495991b7852b855,e3b0c44298fc1c149afbf4c8996fb92427ae41e4649b934ca495991b7852b855
references/ffmpeg-cheatsheet.md,37,references/ffmpeg-cheatsheet.zh-CN.md,82,add5d1c60411923c5a3ec70b5f467040628f11988fe59627b52a4f73feca58ee,add5d1c60411923c5a3ec70b5f467040628f11988fe59627b52a4f73feca58ee
references/ffmpeg-cheatsheet.md,38,references/ffmpeg-cheatsheet.zh-CN.md,83,a5321e815637c4504aeaf53fddbc405b850aa00e8caaddea7b6c4ab4366f089a,d83954280cb08c3f6fe35ebf003366f0a14e84497062b80d57ab3c44a009f169
references/ffmpeg-cheatsheet.md,39,references/ffmpeg-cheatsheet.zh-CN.md,84,1bae813ae0a46949c53cbe6b4d10755e28d2f6ead6254947ed738ca0a79eaea0,1bae813ae0a46949c53cbe6b4d10755e28d2f6ead6254947ed738ca0a79eaea0
references/ffmpeg-cheatsheet.md,40,references/ffmpeg-cheatsheet.zh-CN.md,85,cebf7a5c788d49989ec775d52bbbd059d3e031f8b12babe706e00365d295468e,e9941dfac14709c2f9dc3e3ca0a5b3453b7e56f4cbb786dda8f15586125b3057
references/ffmpeg-cheatsheet.md,41,references/ffmpeg-cheatsheet.zh-CN.md,86,994b7589f787418c437c839c13b7f421d745a96930e85b5f4d6a390a6d8312a9,994b7589f787418c437c839c13b7f421d745a96930e85b5f4d6a390a6d8312a9
references/ffmpeg-cheatsheet.md,42,references/ffmpeg-cheatsheet.zh-CN.md,87,f1b901847390b0ed7e374e7c1e464ec17b46a427c487a5ad6cbd2906405083d5,f1b901847390b0ed7e374e7c1e464ec17b46a427c487a5ad6cbd2906405083d5
references/ffmpeg-cheatsheet.md,43,references/ffmpeg-cheatsheet.zh-CN.md,88,e3b0c44298fc1c149afbf4c8996fb92427ae41e4649b934ca495991b7852b855,e3b0c44298fc1c149afbf4c8996fb92427ae41e4649b934ca495991b7852b855
references/ffmpeg-cheatsheet.md,44,references/ffmpeg-cheatsheet.zh-CN.md,89,322bfa8ddcd3cb75748fd51b77812f7866fac82fbdef645246aad3f42416bda4,070a8dfed7b898f90af19c7bdf384f682c8341c5146188add57f110e61917e2a
references/ffmpeg-cheatsheet.md,45,references/ffmpeg-cheatsheet.zh-CN.md,90,e3b0c44298fc1c149afbf4c8996fb92427ae41e4649b934ca495991b7852b855,e3b0c44298fc1c149afbf4c8996fb92427ae41e4649b934ca495991b7852b855
references/ffmpeg-cheatsheet.md,46,references/ffmpeg-cheatsheet.zh-CN.md,91,add5d1c60411923c5a3ec70b5f467040628f11988fe59627b52a4f73feca58ee,add5d1c60411923c5a3ec70b5f467040628f11988fe59627b52a4f73feca58ee
references/ffmpeg-cheatsheet.md,47,references/ffmpeg-cheatsheet.zh-CN.md,92,6044501fceee7f816d54396584a251d8fb8c5a585398facf9d94998f4971d175,6044501fceee7f816d54396584a251d8fb8c5a585398facf9d94998f4971d175
references/ffmpeg-cheatsheet.md,48,references/ffmpeg-cheatsheet.zh-CN.md,93,f1b901847390b0ed7e374e7c1e464ec17b46a427c487a5ad6cbd2906405083d5,f1b901847390b0ed7e374e7c1e464ec17b46a427c487a5ad6cbd2906405083d5
references/ffmpeg-cheatsheet.md,49,references/ffmpeg-cheatsheet.zh-CN.md,94,e3b0c44298fc1c149afbf4c8996fb92427ae41e4649b934ca495991b7852b855,e3b0c44298fc1c149afbf4c8996fb92427ae41e4649b934ca495991b7852b855
references/ffmpeg-cheatsheet.md,50,references/ffmpeg-cheatsheet.zh-CN.md,95,9cd1444674fb1aced93abaaf1dbd72f237340bf797791a4c4f71d33122e4bcd4,a2739fb58675ddd2fcee2a98776fa97c502ca0b8496a7a5de063aa57a4128698
references/ffmpeg-cheatsheet.md,51,references/ffmpeg-cheatsheet.zh-CN.md,96,e3b0c44298fc1c149afbf4c8996fb92427ae41e4649b934ca495991b7852b855,e3b0c44298fc1c149afbf4c8996fb92427ae41e4649b934ca495991b7852b855
references/ffmpeg-cheatsheet.md,52,references/ffmpeg-cheatsheet.zh-CN.md,97,add5d1c60411923c5a3ec70b5f467040628f11988fe59627b52a4f73feca58ee,add5d1c60411923c5a3ec70b5f467040628f11988fe59627b52a4f73feca58ee
references/ffmpeg-cheatsheet.md,53,references/ffmpeg-cheatsheet.zh-CN.md,98,116e42e556a83ed8aebff3454547ba01b4e3dc415c8b46b823254ffcdcc53b66,e48b98405741a0505914010f1c24b1c8a986d05e5d92aebaecc0028159b89290
references/ffmpeg-cheatsheet.md,54,references/ffmpeg-cheatsheet.zh-CN.md,99,cc53995f961bd523fda4d489931610e247c298178abb5836e23764e68bf28da8,cc53995f961bd523fda4d489931610e247c298178abb5836e23764e68bf28da8
references/ffmpeg-cheatsheet.md,55,references/ffmpeg-cheatsheet.zh-CN.md,100,d0d0c8af9fec3fb7a069c372c14e7c4139699401925a385b6d96cee2f4fb8318,d0d0c8af9fec3fb7a069c372c14e7c4139699401925a385b6d96cee2f4fb8318
references/ffmpeg-cheatsheet.md,56,references/ffmpeg-cheatsheet.zh-CN.md,101,2db4822a580a443948c5776f263610afbcc52d7a598fe4cf44cf6687a7cbe440,4bfe83de7c5c20b9db50b757e3b910c57616ef0965d267f03f8ab0ace61a00ae
references/ffmpeg-cheatsheet.md,57,references/ffmpeg-cheatsheet.zh-CN.md,102,39d14e168bd8070ccdce116e35819945b35fe43caf15ac33597a6e057a3a3d9f,39d14e168bd8070ccdce116e35819945b35fe43caf15ac33597a6e057a3a3d9f
references/ffmpeg-cheatsheet.md,58,references/ffmpeg-cheatsheet.zh-CN.md,103,7b6be304f5af87fdc48022f71e3f8412d1c78bc02c469ba82fe31efc220a9e6a,7b6be304f5af87fdc48022f71e3f8412d1c78bc02c469ba82fe31efc220a9e6a
references/ffmpeg-cheatsheet.md,59,references/ffmpeg-cheatsheet.zh-CN.md,104,f1b901847390b0ed7e374e7c1e464ec17b46a427c487a5ad6cbd2906405083d5,f1b901847390b0ed7e374e7c1e464ec17b46a427c487a5ad6cbd2906405083d5
references/ffmpeg-cheatsheet.md,60,references/ffmpeg-cheatsheet.zh-CN.md,105,e3b0c44298fc1c149afbf4c8996fb92427ae41e4649b934ca495991b7852b855,e3b0c44298fc1c149afbf4c8996fb92427ae41e4649b934ca495991b7852b855
references/ffmpeg-cheatsheet.md,61,references/ffmpeg-cheatsheet.zh-CN.md,106,a952152f73e4943514d22f888c866ab2d38afb557426b05b94dafb598feb4642,b33a631cb5108523db89549a3f031a37a6eb05ef7b927a7779fb2d112890b1e7
references/ffmpeg-cheatsheet.md,62,references/ffmpeg-cheatsheet.zh-CN.md,107,e3b0c44298fc1c149afbf4c8996fb92427ae41e4649b934ca495991b7852b855,e3b0c44298fc1c149afbf4c8996fb92427ae41e4649b934ca495991b7852b855
references/ffmpeg-cheatsheet.md,63,references/ffmpeg-cheatsheet.zh-CN.md,108,9ef91481200209ba9d9d3d1fe30b304bc62db9713a3aab2e9ed277a8e3227206,634857e645274eb07443495f85469c17c49f3eeca776f09408198d8c7fcb6223
references/ffmpeg-cheatsheet.md,64,references/ffmpeg-cheatsheet.zh-CN.md,109,e3b0c44298fc1c149afbf4c8996fb92427ae41e4649b934ca495991b7852b855,e3b0c44298fc1c149afbf4c8996fb92427ae41e4649b934ca495991b7852b855
references/ffmpeg-cheatsheet.md,65,references/ffmpeg-cheatsheet.zh-CN.md,110,add5d1c60411923c5a3ec70b5f467040628f11988fe59627b52a4f73feca58ee,add5d1c60411923c5a3ec70b5f467040628f11988fe59627b52a4f73feca58ee
references/ffmpeg-cheatsheet.md,66,references/ffmpeg-cheatsheet.zh-CN.md,111,58c0c79a5e765eea7b77961b4e690df0709922b4ec243b8037dcbe6dfcb9295b,ab8dcaaafef2c2c46543bffea98b593ec6a479fe3b2b21d0a86259d7c775be88
references/ffmpeg-cheatsheet.md,67,references/ffmpeg-cheatsheet.zh-CN.md,112,cf439565b25296ee259cf8e37dc3c4b49b8e7f2084173f55a8fada81acc5279e,cf439565b25296ee259cf8e37dc3c4b49b8e7f2084173f55a8fada81acc5279e
references/ffmpeg-cheatsheet.md,68,references/ffmpeg-cheatsheet.zh-CN.md,113,a600df8faabb96102edb40082256c39d7780529c2c140b2a6c081655d7514175,346f3efb65af2ba3ebc28fccb63fb988e51c85058360108ef51db7e402242913
references/ffmpeg-cheatsheet.md,69,references/ffmpeg-cheatsheet.zh-CN.md,114,25a403f7d15ba1f10ba72c9288c7b8bd80044ac74724cfd5212c5df915949601,25a403f7d15ba1f10ba72c9288c7b8bd80044ac74724cfd5212c5df915949601
references/ffmpeg-cheatsheet.md,70,references/ffmpeg-cheatsheet.zh-CN.md,115,31a6d1e8fe41c20d11b54c7adbc3deed04e3c5efdbac91efd64a4823d08c640b,6126395d756c41c61c00c1e5cf7e5c1b733070368303cf4d6972d5b3ffae5698
references/ffmpeg-cheatsheet.md,71,references/ffmpeg-cheatsheet.zh-CN.md,116,f1b901847390b0ed7e374e7c1e464ec17b46a427c487a5ad6cbd2906405083d5,f1b901847390b0ed7e374e7c1e464ec17b46a427c487a5ad6cbd2906405083d5
references/ffmpeg-cheatsheet.md,72,references/ffmpeg-cheatsheet.zh-CN.md,117,e3b0c44298fc1c149afbf4c8996fb92427ae41e4649b934ca495991b7852b855,e3b0c44298fc1c149afbf4c8996fb92427ae41e4649b934ca495991b7852b855
references/ffmpeg-cheatsheet.md,73,references/ffmpeg-cheatsheet.zh-CN.md,118,27c4c5057802ee7d432e050a2da8aa6a4f136c6e2efec01005c460977ec409c6,adcfd872a1dc86d57d924c4b760a60e5efcb8d46f620431fe0a3d0ee77e02984
references/ffmpeg-cheatsheet.md,74,references/ffmpeg-cheatsheet.zh-CN.md,119,e3b0c44298fc1c149afbf4c8996fb92427ae41e4649b934ca495991b7852b855,e3b0c44298fc1c149afbf4c8996fb92427ae41e4649b934ca495991b7852b855
references/ffmpeg-cheatsheet.md,75,references/ffmpeg-cheatsheet.zh-CN.md,120,add5d1c60411923c5a3ec70b5f467040628f11988fe59627b52a4f73feca58ee,add5d1c60411923c5a3ec70b5f467040628f11988fe59627b52a4f73feca58ee
references/ffmpeg-cheatsheet.md,76,references/ffmpeg-cheatsheet.zh-CN.md,121,ede4eb9acad7ea91769963ea4b77b05cc09ab595a2a79614ba7b69bee1763d6a,ede4eb9acad7ea91769963ea4b77b05cc09ab595a2a79614ba7b69bee1763d6a
references/ffmpeg-cheatsheet.md,77,references/ffmpeg-cheatsheet.zh-CN.md,122,dddf6b995c1c41ecab580eb732f3331bb24f4beb104995b5ad73ad0f842a4e6c,dddf6b995c1c41ecab580eb732f3331bb24f4beb104995b5ad73ad0f842a4e6c
references/ffmpeg-cheatsheet.md,78,references/ffmpeg-cheatsheet.zh-CN.md,123,93f64a54eea00875057fb6ff05649df98bd4dc6fc7c6448f385751a19a872cbc,93f64a54eea00875057fb6ff05649df98bd4dc6fc7c6448f385751a19a872cbc
references/ffmpeg-cheatsheet.md,79,references/ffmpeg-cheatsheet.zh-CN.md,124,9dc4bb531451f68dd70ab229ebee5508dd3933ce19735262edaa4d04697cd3c7,9dc4bb531451f68dd70ab229ebee5508dd3933ce19735262edaa4d04697cd3c7
references/ffmpeg-cheatsheet.md,80,references/ffmpeg-cheatsheet.zh-CN.md,125,9be48bcfeff6af5f3faf3c6918471c37b0e0e2ab7c47f1a3f497ba419712d9d9,9be48bcfeff6af5f3faf3c6918471c37b0e0e2ab7c47f1a3f497ba419712d9d9
references/ffmpeg-cheatsheet.md,81,references/ffmpeg-cheatsheet.zh-CN.md,126,d10b36aa74a59bcf4a88185837f658afaf3646eff2bb16c3928d0e9335e945d2,d10b36aa74a59bcf4a88185837f658afaf3646eff2bb16c3928d0e9335e945d2
references/ffmpeg-cheatsheet.md,82,references/ffmpeg-cheatsheet.zh-CN.md,127,f1b901847390b0ed7e374e7c1e464ec17b46a427c487a5ad6cbd2906405083d5,f1b901847390b0ed7e374e7c1e464ec17b46a427c487a5ad6cbd2906405083d5
references/ffmpeg-cheatsheet.md,83,references/ffmpeg-cheatsheet.zh-CN.md,128,e3b0c44298fc1c149afbf4c8996fb92427ae41e4649b934ca495991b7852b855,e3b0c44298fc1c149afbf4c8996fb92427ae41e4649b934ca495991b7852b855
references/ffmpeg-cheatsheet.md,84,references/ffmpeg-cheatsheet.zh-CN.md,129,61bc8adf0e0a48d85af3683410cf4537bbd13ca05b5023f48ce4c1189d944233,eff274a93d886d9c5b48e23023cf0ddfc5da7a18387b5fdd77780c6c1f930f81
references/ffmpeg-cheatsheet.md,85,references/ffmpeg-cheatsheet.zh-CN.md,130,e3b0c44298fc1c149afbf4c8996fb92427ae41e4649b934ca495991b7852b855,e3b0c44298fc1c149afbf4c8996fb92427ae41e4649b934ca495991b7852b855
references/ffmpeg-cheatsheet.md,86,references/ffmpeg-cheatsheet.zh-CN.md,131,e8035a64fadb76eafdc85e0c297528e95eaad6aa46d7ccf866e8b5c2b0b48c69,e0167b699c668e44d0d4f246dd2a47b60c0f4a338fbe0674b8e8a11792ea0f6c
references/ffmpeg-cheatsheet.md,87,references/ffmpeg-cheatsheet.zh-CN.md,132,e3b0c44298fc1c149afbf4c8996fb92427ae41e4649b934ca495991b7852b855,e3b0c44298fc1c149afbf4c8996fb92427ae41e4649b934ca495991b7852b855
references/ffmpeg-cheatsheet.md,88,references/ffmpeg-cheatsheet.zh-CN.md,133,add5d1c60411923c5a3ec70b5f467040628f11988fe59627b52a4f73feca58ee,add5d1c60411923c5a3ec70b5f467040628f11988fe59627b52a4f73feca58ee
references/ffmpeg-cheatsheet.md,89,references/ffmpeg-cheatsheet.zh-CN.md,134,4c735280d3e6290619eaf2b5461643dd9e4b9e547ad02f66ed042ec4c3f0b131,4c735280d3e6290619eaf2b5461643dd9e4b9e547ad02f66ed042ec4c3f0b131
references/ffmpeg-cheatsheet.md,90,references/ffmpeg-cheatsheet.zh-CN.md,135,4d03183978d45ce1d33189b26a5e0fcb7529910d480492a8c40753381d15d46f,4d03183978d45ce1d33189b26a5e0fcb7529910d480492a8c40753381d15d46f
references/ffmpeg-cheatsheet.md,91,references/ffmpeg-cheatsheet.zh-CN.md,136,0994c872db1af99c52793c7df83cd75a1f9cdfeb1170fd6e4d3d9b3fd21be1ac,0994c872db1af99c52793c7df83cd75a1f9cdfeb1170fd6e4d3d9b3fd21be1ac
references/ffmpeg-cheatsheet.md,92,references/ffmpeg-cheatsheet.zh-CN.md,137,f1b901847390b0ed7e374e7c1e464ec17b46a427c487a5ad6cbd2906405083d5,f1b901847390b0ed7e374e7c1e464ec17b46a427c487a5ad6cbd2906405083d5
references/ffmpeg-cheatsheet.md,93,references/ffmpeg-cheatsheet.zh-CN.md,138,e3b0c44298fc1c149afbf4c8996fb92427ae41e4649b934ca495991b7852b855,e3b0c44298fc1c149afbf4c8996fb92427ae41e4649b934ca495991b7852b855
references/ffmpeg-cheatsheet.md,94,references/ffmpeg-cheatsheet.zh-CN.md,139,3524449aeee4292c87e5020b45b8d4aae6c61e8f172d192bf7e728aedca2ccfd,7b8ae289f34068ace9cc3103d6fe29d8db57fd27ef3ad0bd1f59c2b59380c02e
references/ffmpeg-cheatsheet.md,95,references/ffmpeg-cheatsheet.zh-CN.md,140,e3b0c44298fc1c149afbf4c8996fb92427ae41e4649b934ca495991b7852b855,e3b0c44298fc1c149afbf4c8996fb92427ae41e4649b934ca495991b7852b855
references/ffmpeg-cheatsheet.md,96,references/ffmpeg-cheatsheet.zh-CN.md,141,6997b9f8aa12ce65e0f46b672016dd18c50bc618291c268710ba6799471c6c69,f6489abd3e83ccdc51f87e892f1706abdfe133e6e3d35b46e26dd59e50219d35
references/ffmpeg-cheatsheet.md,97,references/ffmpeg-cheatsheet.zh-CN.md,142,23cca02b74f386463efa24796c7a9011b0d2c93f0c38b4d15d5d276205b59b43,23cca02b74f386463efa24796c7a9011b0d2c93f0c38b4d15d5d276205b59b43
references/ffmpeg-cheatsheet.md,98,references/ffmpeg-cheatsheet.zh-CN.md,143,23b73b28214cd0bdba1da22a59230a3ebc392d4c1a45eb16c55fbe2a1d3293ba,fcd0555767a226fcdaefdf4979d72ec3c428179eb6ac57e15fb884e438c8f8fd
references/ffmpeg-cheatsheet.md,99,references/ffmpeg-cheatsheet.zh-CN.md,144,5bfa96f4b61e6282ef53a01e8f4e003143709865f99206700df5bbd47b6f3f7b,c78141c00433523e17e3b79d1691631eecad11456a3ca3cadbbd90890cc98f7b
references/ffmpeg-cheatsheet.md,100,references/ffmpeg-cheatsheet.zh-CN.md,145,84e01a17faf272ae6803bb83017a151044fad23d37f4476c1706f8199519c1da,229177a3468883e8fbba306bdd77386adcdf15d17d00e6ef15504ed1c41dfe18
references/ffmpeg-cheatsheet.md,101,references/ffmpeg-cheatsheet.zh-CN.md,146,552d82eed1e0de03d0b61be8ec7ade3eb2948c61dcabfdba764ac5e38d06c5ee,6f257dde87fa834154a6ca6f50c70dc48a9ef48840f398d563efb23d9f28db06
references/ffmpeg-cheatsheet.md,102,references/ffmpeg-cheatsheet.zh-CN.md,147,5dc3921f0744f09d10bc61de237bbc8d239567abcb19e5f19f3ab504e93692a3,07f762b3a933a6fe70ab33dda64e86790427be45e88f054fb8831812bdf18cbd
references/ffmpeg-cheatsheet.md,103,references/ffmpeg-cheatsheet.zh-CN.md,148,593e333bdfc85910303df8901b67195ab3388d4c1b4ba24e54d50b13c1ad8863,f08504ea5300d8befa19e306b310bf6be004463e6e5949ad88556482cef19a61
references/ffmpeg-cheatsheet.md,104,references/ffmpeg-cheatsheet.zh-CN.md,149,afcd7871714d475515c245b605746f61c1930f69cfcf4961709315f5021df650,820cff611e6f56e173e4d9f6ba33abe217b18b35c524b1b1c805be846cb366f5
references/shot-syntax.md,1,references/shot-syntax.zh-CN.md,65,e989f078f063cef450ebc4a26b65f2596effff8ade5b2d6c061b3addcdb717ca,6a0fea8b66e9f752ab621138dd585f8f02c2921be46b1fdde69464341c660678
references/shot-syntax.md,2,references/shot-syntax.zh-CN.md,66,e3b0c44298fc1c149afbf4c8996fb92427ae41e4649b934ca495991b7852b855,e3b0c44298fc1c149afbf4c8996fb92427ae41e4649b934ca495991b7852b855
references/shot-syntax.md,3,references/shot-syntax.zh-CN.md,67,4195599c5cafce1b68f21c98b54471bf2d978cfdc076c72fc3cb941228278a1f,1db3904bc3e615a5a17ac2a729f66a47c0f7f2f37a558e32cd8467d19bdfd3a7
references/shot-syntax.md,4,references/shot-syntax.zh-CN.md,68,e3b0c44298fc1c149afbf4c8996fb92427ae41e4649b934ca495991b7852b855,e3b0c44298fc1c149afbf4c8996fb92427ae41e4649b934ca495991b7852b855
references/shot-syntax.md,5,references/shot-syntax.zh-CN.md,69,407d3b0271b20a9ed2cebe561b5806dae66e07adb89701b51b450bde7ea11b2c,c12d7c309b9a91d94ccd1fbc79839c2d1f031e9b305f762991e089f54ac0291c
references/shot-syntax.md,6,references/shot-syntax.zh-CN.md,70,e3b0c44298fc1c149afbf4c8996fb92427ae41e4649b934ca495991b7852b855,e3b0c44298fc1c149afbf4c8996fb92427ae41e4649b934ca495991b7852b855
references/shot-syntax.md,7,references/shot-syntax.zh-CN.md,71,b4a313791c1fbca2c1410d1d5b1190af4087723ec1b6c1c4ba776298d6dd6228,b4a313791c1fbca2c1410d1d5b1190af4087723ec1b6c1c4ba776298d6dd6228
references/shot-syntax.md,8,references/shot-syntax.zh-CN.md,72,297b8e147e30df9548a920052ddc1b62e51099780ee3f13f8947f24ddb0fdb43,297b8e147e30df9548a920052ddc1b62e51099780ee3f13f8947f24ddb0fdb43
references/shot-syntax.md,9,references/shot-syntax.zh-CN.md,73,ea72f7ef3bd1c4308d3e6014c4ade14293ee7a2883e98c2c9e551a51c52b2d77,24bc210185810aaf951f78e40da9d62cda7b9f66a7fe26bbf9a4f00afa9bff94
references/shot-syntax.md,10,references/shot-syntax.zh-CN.md,74,0703500c09f5a77873856428c712c354d3c6eb5240fa70070b04a7409844566f,6df00faf400bbd2d140929a85173957b80b1c16e89d0605b434abd20b3110eaf
references/shot-syntax.md,11,references/shot-syntax.zh-CN.md,75,e3b0c44298fc1c149afbf4c8996fb92427ae41e4649b934ca495991b7852b855,e3b0c44298fc1c149afbf4c8996fb92427ae41e4649b934ca495991b7852b855
references/shot-syntax.md,12,references/shot-syntax.zh-CN.md,76,e2a68a70844770058b79c598752f1b76e70c9172f939935b83ef63d9ec133f4c,e2a68a70844770058b79c598752f1b76e70c9172f939935b83ef63d9ec133f4c
references/shot-syntax.md,13,references/shot-syntax.zh-CN.md,77,a668f00d89560fa3b61c51952f7427edcbf5cb9d3205e138f5a5016338f1deca,64d4d287faf7a0c82067759090c2cf30380a69104a9b3cb4f6cfba098e961a8a
references/shot-syntax.md,14,references/shot-syntax.zh-CN.md,78,e3b0c44298fc1c149afbf4c8996fb92427ae41e4649b934ca495991b7852b855,e3b0c44298fc1c149afbf4c8996fb92427ae41e4649b934ca495991b7852b855
references/shot-syntax.md,15,references/shot-syntax.zh-CN.md,79,9675c930c683db8dd5a38f9ee32e18b4ff38967f5651588375e25570054ca3b1,9675c930c683db8dd5a38f9ee32e18b4ff38967f5651588375e25570054ca3b1
references/shot-syntax.md,16,references/shot-syntax.zh-CN.md,80,080cd6d267ae123841f75e559dbab4be57be464b8e0ec23d9ee7c253dabb05f5,8b59d804bd5577f564125b46df44a4f7f6fac562b7c4fc765c407fe4f8c7d08a
references/shot-syntax.md,17,references/shot-syntax.zh-CN.md,81,52c9d61f38bce97b49bce1a6f74be0b3a6ab54db7a65864e90832960bb0e5047,a03779a72fe8074169a5c7ce668a3717bf51765cc5c05b54ca074938a2defba2
references/shot-syntax.md,18,references/shot-syntax.zh-CN.md,82,9dd79d20b527edbdf3b6df32ff015a1856dba395c43d56e35bdf5c3f6665e9f4,206e61813f041663dc6f7a2461f01ca8e618a5c25f501b00ccd9337c1a28476f
references/shot-syntax.md,19,references/shot-syntax.zh-CN.md,83,e3b0c44298fc1c149afbf4c8996fb92427ae41e4649b934ca495991b7852b855,e3b0c44298fc1c149afbf4c8996fb92427ae41e4649b934ca495991b7852b855
references/shot-syntax.md,20,references/shot-syntax.zh-CN.md,84,db3c06319e4a99cffd60eaf61c65661b754a8c5837beec64092df23c28b69022,db3c06319e4a99cffd60eaf61c65661b754a8c5837beec64092df23c28b69022
references/shot-syntax.md,21,references/shot-syntax.zh-CN.md,85,e41b133b8bbd74ee9499f38a4c0bbbc718f13b9d197089897af973158aade965,456e8b67b6fe2f3f169e34cd1a795e3fc6685128ad6c230204dcf5fe991e8181
references/shot-syntax.md,22,references/shot-syntax.zh-CN.md,86,e3b0c44298fc1c149afbf4c8996fb92427ae41e4649b934ca495991b7852b855,e3b0c44298fc1c149afbf4c8996fb92427ae41e4649b934ca495991b7852b855
references/shot-syntax.md,23,references/shot-syntax.zh-CN.md,87,dcc60711d00493638d08f9ee9cad1601fa9d901f1628225ada09d1febec56c5e,0abc3fb95f22b6cb08b2ae5e5f3e85b3c68bdfb8be1a95734525119b80d6ee37
references/shot-syntax.md,24,references/shot-syntax.zh-CN.md,88,e3b0c44298fc1c149afbf4c8996fb92427ae41e4649b934ca495991b7852b855,e3b0c44298fc1c149afbf4c8996fb92427ae41e4649b934ca495991b7852b855
references/shot-syntax.md,25,references/shot-syntax.zh-CN.md,89,7e720aae4508eb5c3225ced3e0d436e13e0abea627fb65f1f39d0de1ba98e573,8faf2cbe7efcabd3c6d34749f28dc4c352ed25fb47c5f91dac2d1f3341d80885
references/shot-syntax.md,26,references/shot-syntax.zh-CN.md,90,e3b0c44298fc1c149afbf4c8996fb92427ae41e4649b934ca495991b7852b855,e3b0c44298fc1c149afbf4c8996fb92427ae41e4649b934ca495991b7852b855
references/shot-syntax.md,27,references/shot-syntax.zh-CN.md,91,98bdeae4101bfec246f45a78800fc4d118971b28509b8800febeb3c7e5f0ade8,98bdeae4101bfec246f45a78800fc4d118971b28509b8800febeb3c7e5f0ade8
references/shot-syntax.md,28,references/shot-syntax.zh-CN.md,92,33cfc941ccdf5b9a08b127ae34eb31a25887502eec7fce84ed071280b559567f,b3783dafff0ee35306b3224c374df7328c05c6c99f041f4e6c49ebac569875e6
references/shot-syntax.md,29,references/shot-syntax.zh-CN.md,93,e3b0c44298fc1c149afbf4c8996fb92427ae41e4649b934ca495991b7852b855,e3b0c44298fc1c149afbf4c8996fb92427ae41e4649b934ca495991b7852b855
references/shot-syntax.md,30,references/shot-syntax.zh-CN.md,94,3afffd22fdece8f5638ce5996bfb4ec43aab20e9a59f43c35622a484c201545e,3afffd22fdece8f5638ce5996bfb4ec43aab20e9a59f43c35622a484c201545e
references/shot-syntax.md,31,references/shot-syntax.zh-CN.md,95,127aa86c61295d66ae4d2873be10d7dde49513230c8782fdeae60941158ab0e9,45cd88c42e799637cd3cb82e524277c00e2bde10bf6e639edc3dad17b2d406f8
references/shot-syntax.md,32,references/shot-syntax.zh-CN.md,96,f1b901847390b0ed7e374e7c1e464ec17b46a427c487a5ad6cbd2906405083d5,f1b901847390b0ed7e374e7c1e464ec17b46a427c487a5ad6cbd2906405083d5
references/shot-syntax.md,33,references/shot-syntax.zh-CN.md,97,e3b0c44298fc1c149afbf4c8996fb92427ae41e4649b934ca495991b7852b855,e3b0c44298fc1c149afbf4c8996fb92427ae41e4649b934ca495991b7852b855
references/shot-syntax.md,34,references/shot-syntax.zh-CN.md,98,e409f319a98fc5cf0dfa73575b5bb87aa48256028960fa3cfc37b62b07381a0f,f7cf78534e654ca5fe3768f1f57f57a6ef15fecd75977f0fa1614361c4cb8f11
references/shot-syntax.md,35,references/shot-syntax.zh-CN.md,99,e3b0c44298fc1c149afbf4c8996fb92427ae41e4649b934ca495991b7852b855,e3b0c44298fc1c149afbf4c8996fb92427ae41e4649b934ca495991b7852b855
references/shot-syntax.md,36,references/shot-syntax.zh-CN.md,100,e0a29ed8f5d66dd613390955fa64424c882e5eaaa5b231c4915b5fc2d9107b86,e728d7a74cefa1b0768ebcb6dba7e3cebd5a0777386bba7a988ad86947034426
references/shot-syntax.md,37,references/shot-syntax.zh-CN.md,101,e3b0c44298fc1c149afbf4c8996fb92427ae41e4649b934ca495991b7852b855,e3b0c44298fc1c149afbf4c8996fb92427ae41e4649b934ca495991b7852b855
references/shot-syntax.md,38,references/shot-syntax.zh-CN.md,102,8d41ddc421c1eab5aed8a654a0f6b7cb603bd822b619076f124525190baed034,c7870ecccd28addcccfbc0bff6ede77f9d012e1de17a6df871d0be2284f014b6
references/shot-syntax.md,39,references/shot-syntax.zh-CN.md,103,23cca02b74f386463efa24796c7a9011b0d2c93f0c38b4d15d5d276205b59b43,23cca02b74f386463efa24796c7a9011b0d2c93f0c38b4d15d5d276205b59b43
references/shot-syntax.md,40,references/shot-syntax.zh-CN.md,104,9848a94cd78a43c256b9dae35b26c2d049ed345fad19082f573b97fa7f49c38e,33f3e6407af0e7c7d821bcaeb1b64302b419036e70edd3d83e74f1c598708a9b
references/shot-syntax.md,41,references/shot-syntax.zh-CN.md,105,962c138324c7c7ac77c207c3b8996aa995422c26f3f46a879d386162a0eca8f1,44dbd6afe85cf1973afda874d76e4a71187db92e05b19b82f574cd637ff5625e
references/shot-syntax.md,42,references/shot-syntax.zh-CN.md,106,d2347ddb24624cd1913edd929be23ca44421d8e8de7f53371b9c2279479e67a5,e3cf189e0f8be18d9b180484b6fd78df81c890ecc47981f51600b16a4239cdb7
references/shot-syntax.md,43,references/shot-syntax.zh-CN.md,107,cf10832f72da6d1c5129f2a3c79da34872c77dff711aed3acf5ffe851c533727,80a88758ce691371efef612421923b2d64b98f6949d8c59b9fc2c34585855d35
references/shot-syntax.md,44,references/shot-syntax.zh-CN.md,108,600e243bd230ff281b1e3db06e78ed8687390170cbe4f12ee6fef721853990e3,40d595e20102d89d40b41bbb14d021e89d821cee3c4625a5e0a676caf1617d52
references/shot-syntax.md,45,references/shot-syntax.zh-CN.md,109,0ee9533cf394084d5949222e748be945a30045043a6b65b55a75fab51fb7a7ef,f5b3566616939e2f9d8c43c8a7799de1c4656325668a13b268ae41329ff892db
references/shot-syntax.md,46,references/shot-syntax.zh-CN.md,110,e3b0c44298fc1c149afbf4c8996fb92427ae41e4649b934ca495991b7852b855,e3b0c44298fc1c149afbf4c8996fb92427ae41e4649b934ca495991b7852b855
references/shot-syntax.md,47,references/shot-syntax.zh-CN.md,111,3aa660e6ba52f39eba39110ccb7a253d11bae4da820be399f859456de1a3d533,aee0ba1f94a8d20e7bce7ea89ea17573c63c3e39f1110af052e0c2f5a102b5e0
references/shot-syntax.md,48,references/shot-syntax.zh-CN.md,112,e3b0c44298fc1c149afbf4c8996fb92427ae41e4649b934ca495991b7852b855,e3b0c44298fc1c149afbf4c8996fb92427ae41e4649b934ca495991b7852b855
references/shot-syntax.md,49,references/shot-syntax.zh-CN.md,113,f1b901847390b0ed7e374e7c1e464ec17b46a427c487a5ad6cbd2906405083d5,f1b901847390b0ed7e374e7c1e464ec17b46a427c487a5ad6cbd2906405083d5
references/shot-syntax.md,50,references/shot-syntax.zh-CN.md,114,b8828f1649ac620773db4e3ffc319dec7280b46fe0f0d988852fa405e0e0631e,07d64adb384f31aa4eea14ebe32ca3d7571d087d7cf776a2c0973ca337c8b439
references/shot-syntax.md,51,references/shot-syntax.zh-CN.md,115,29b10ad8d0bc844b8d9e33f28004badf6cafd1e975b99912233e670ad7a28b30,0400bb0ddbd7192850e84ba47ddcdf1afa82eda2d5f1f5ef51a8dc2cbf726f16
references/shot-syntax.md,52,references/shot-syntax.zh-CN.md,116,44c53dbd2598ecaf531aa25a446b09f5adb7bfa53bc14cc8170cb91b29a4fd19,aa15142d9cb043c5f5fdb42066d2e516598303daf2796d15546c569fed87687b
references/shot-syntax.md,53,references/shot-syntax.zh-CN.md,117,2e4390bc9480e312024beafdc3fd05c3b37c202e4471272e096477003e5b69af,c0285905635820443d7a5b8043ae89d6cca3876caaa638fa7f8534638e575ffc
references/shot-syntax.md,54,references/shot-syntax.zh-CN.md,118,f1b901847390b0ed7e374e7c1e464ec17b46a427c487a5ad6cbd2906405083d5,f1b901847390b0ed7e374e7c1e464ec17b46a427c487a5ad6cbd2906405083d5
references/shot-syntax.md,55,references/shot-syntax.zh-CN.md,119,e3b0c44298fc1c149afbf4c8996fb92427ae41e4649b934ca495991b7852b855,e3b0c44298fc1c149afbf4c8996fb92427ae41e4649b934ca495991b7852b855
references/shot-syntax.md,56,references/shot-syntax.zh-CN.md,120,09e09762d2d1e809d52aa2d5556e5ca727966b86b2b6fceabeafeca50ac54522,7851c3fac4e47b96d26597fe726d1345c66160005faa5f424291249aad8f02eb
references/shot-syntax.md,57,references/shot-syntax.zh-CN.md,121,e3b0c44298fc1c149afbf4c8996fb92427ae41e4649b934ca495991b7852b855,e3b0c44298fc1c149afbf4c8996fb92427ae41e4649b934ca495991b7852b855
references/shot-syntax.md,58,references/shot-syntax.zh-CN.md,122,eaca1d0354a4f231149ca7266da552dfd522f7edabf2cdb1c439591456318afa,d6371aaf13b9f84ecf65673c5cb9f15179f0d1c8f89204a076fc9df8fbc7d065
references/shot-syntax.md,59,references/shot-syntax.zh-CN.md,123,3ac2efaed40e144de52649909431764ba74f0f74265bfe387a3dea8f692d017b,b8c01eb0130fa9b77d3026843ac233704524021680d9ff9ae4cc8354ba44b5e6
references/shot-syntax.md,60,references/shot-syntax.zh-CN.md,124,4f5fe6c87c6c4c3ba1cf18070ab1d8fca673099cbd4a674820fc1dde0709b111,15050ca409af1653cde1eabdb0cba64ef751c315a6f93280fd7e3c33aa5c6f3d
references/shot-syntax.md,61,references/shot-syntax.zh-CN.md,125,3d48e815fe1a0561bb0a85d2749ad1f3299f83e58407ca5342e1ad3c3b492dce,ad2ff776b8559cabc07518e4d79a4e507e863d63074ca7087a6412ff3da069c0
references/shot-syntax.md,62,references/shot-syntax.zh-CN.md,126,8a715187ca82c904cf8a4e537618d4bbc3ae7e2ab4d7882a8ebb2c64a8ca31ba,ff7b4e3c07ca6f0dea37146f657ee8dd5616138c7d2a942de5bd10d914916c0e
references/shot-syntax.md,63,references/shot-syntax.zh-CN.md,127,e3b0c44298fc1c149afbf4c8996fb92427ae41e4649b934ca495991b7852b855,e3b0c44298fc1c149afbf4c8996fb92427ae41e4649b934ca495991b7852b855
references/shot-syntax.md,64,references/shot-syntax.zh-CN.md,128,35a297fa2cc90de2102d80a99de2f5c805fc61356afd361555fc3a8e72f0e8e6,728768aeb5ca300ad43bcd3ebc47ffbe0ab04ceae2206587dbb49c2fefea75f7
references/shot-syntax.md,65,references/shot-syntax.zh-CN.md,129,e3b0c44298fc1c149afbf4c8996fb92427ae41e4649b934ca495991b7852b855,e3b0c44298fc1c149afbf4c8996fb92427ae41e4649b934ca495991b7852b855
references/shot-syntax.md,66,references/shot-syntax.zh-CN.md,130,06da983c336c13aa8b690bd93787d3dd24ecd6cf5424e04b18dcc7d92fdf28e8,8ea638f4335deb0e5f852fca8949aec3cc878c11152506c3da8f985830593d46
references/shot-syntax.md,67,references/shot-syntax.zh-CN.md,131,e3b0c44298fc1c149afbf4c8996fb92427ae41e4649b934ca495991b7852b855,e3b0c44298fc1c149afbf4c8996fb92427ae41e4649b934ca495991b7852b855
references/shot-syntax.md,68,references/shot-syntax.zh-CN.md,132,fd1eea75e8880eeeaa43e7134926a70e12d97b8a4a96214327c10cb54906319e,40604fca5b1a6f25538c87a48a3320914a3729039780f238938fe2cbab8e1619
references/shot-syntax.md,69,references/shot-syntax.zh-CN.md,133,4199ba454d6d3ae83657120c2bb6bd674eefc0dd7d3cd4cc844171dc6725135b,4199ba454d6d3ae83657120c2bb6bd674eefc0dd7d3cd4cc844171dc6725135b
references/shot-syntax.md,70,references/shot-syntax.zh-CN.md,134,3418315720b48afabcb03ec4750efd90fabecc85f0c4eb01dbe1090444da320f,2821500cc9cc60f1b4cdd151db14ee475125260c015160db61b9f5144f3df951
references/shot-syntax.md,71,references/shot-syntax.zh-CN.md,135,7e69dba5c05c40b702311d2f1cf12c7a9336344964daa0cc59cb1bfb03a67d28,635a968e9b351b211186a2900037ced261b5d21a9477c12573c7276e9a304094
references/shot-syntax.md,72,references/shot-syntax.zh-CN.md,136,7ed5dd03e40ac85641b3ab6453224d351e198210bce4a6b492e56064c727a8df,121817a23d4d637a4fdc974679de0b49957ed66acc0c4c5e126e9a791b2ef10b
references/shot-syntax.md,73,references/shot-syntax.zh-CN.md,137,8e53b3fddd0612679c379e1078beab8dbc7b00f6cc8c587a5f2ee3af8c92eaf2,8ac5a501c3a638469ba1efc422c0695cf1cfa45cf1f8ff930cf6ea5a2d24708b
references/shot-syntax.md,74,references/shot-syntax.zh-CN.md,138,7c2c745fc8a8df81b7feed749c196febf5d6ef273abcfc776bc4edb04eb5640c,4f306d624fc93f70c5ec0f2097baf9404d3c549e72205bea0e05fed126b82824
references/shot-syntax.md,75,references/shot-syntax.zh-CN.md,139,e3b0c44298fc1c149afbf4c8996fb92427ae41e4649b934ca495991b7852b855,e3b0c44298fc1c149afbf4c8996fb92427ae41e4649b934ca495991b7852b855
references/shot-syntax.md,76,references/shot-syntax.zh-CN.md,140,752c05f29c521b28b858ca2c190636c4818b97d1be64450adce204476700647a,0cca54c3cae8b155bea01362b3b84faf9f76a5d8cae452b9c798a23eb668a30d
references/shot-syntax.md,77,references/shot-syntax.zh-CN.md,141,e3b0c44298fc1c149afbf4c8996fb92427ae41e4649b934ca495991b7852b855,e3b0c44298fc1c149afbf4c8996fb92427ae41e4649b934ca495991b7852b855
references/shot-syntax.md,78,references/shot-syntax.zh-CN.md,142,f1b901847390b0ed7e374e7c1e464ec17b46a427c487a5ad6cbd2906405083d5,f1b901847390b0ed7e374e7c1e464ec17b46a427c487a5ad6cbd2906405083d5
references/shot-syntax.md,79,references/shot-syntax.zh-CN.md,143,758429700eff44b80dbb00668f4b55fdd5e7ed61a37978a3e5c6a06932794c5f,28f97329a750cc32c8898a6a0f8fcf0c487b33a35cdd797942fb0665141cc712
references/shot-syntax.md,80,references/shot-syntax.zh-CN.md,144,e3b0c44298fc1c149afbf4c8996fb92427ae41e4649b934ca495991b7852b855,e3b0c44298fc1c149afbf4c8996fb92427ae41e4649b934ca495991b7852b855
references/shot-syntax.md,81,references/shot-syntax.zh-CN.md,145,1493a15309922be48368d463097178a68c6c44e258f7b8c8d9623fea0495a0a4,b012a3683d94787bd87e66685f522a2537bc591d3f690cb340eae79d4ad7d8bf
references/shot-syntax.md,82,references/shot-syntax.zh-CN.md,146,ad34a3cc5af9df7507f320096bd378b08d541226d44c756bd6aa82d33ec22364,09da92b5359eec79440dabec9db14a98b86d16cbacaeeba0e4cc56e7c19a921b
references/shot-syntax.md,83,references/shot-syntax.zh-CN.md,147,f1b901847390b0ed7e374e7c1e464ec17b46a427c487a5ad6cbd2906405083d5,f1b901847390b0ed7e374e7c1e464ec17b46a427c487a5ad6cbd2906405083d5
references/shot-syntax.md,84,references/shot-syntax.zh-CN.md,148,e3b0c44298fc1c149afbf4c8996fb92427ae41e4649b934ca495991b7852b855,e3b0c44298fc1c149afbf4c8996fb92427ae41e4649b934ca495991b7852b855
references/shot-syntax.md,85,references/shot-syntax.zh-CN.md,149,fc97ddf9b416f5689959039811f0b6944c641582b708d1439b11db99c4dfc47d,fceab68564f974afce827519bb294ef890810b9f194fec14c510a2a77d59bb22
references/shot-syntax.md,86,references/shot-syntax.zh-CN.md,150,e3b0c44298fc1c149afbf4c8996fb92427ae41e4649b934ca495991b7852b855,e3b0c44298fc1c149afbf4c8996fb92427ae41e4649b934ca495991b7852b855
references/shot-syntax.md,87,references/shot-syntax.zh-CN.md,151,78070c18adf0c803b06aa1146daebf26d962cc6a68974103f9757dd36adb77ab,5c4d2717e46ef1b74c052b90a832e1ebf4e5a8b41ef63b4ba9d5035de8099feb
references/shot-syntax.md,88,references/shot-syntax.zh-CN.md,152,e3b0c44298fc1c149afbf4c8996fb92427ae41e4649b934ca495991b7852b855,e3b0c44298fc1c149afbf4c8996fb92427ae41e4649b934ca495991b7852b855
references/shot-syntax.md,89,references/shot-syntax.zh-CN.md,153,5db3b44a64fc54942ee631ec2e06cf63161f4b5ce5e1fad4a684c4b3fc1eea07,d6ec1c0681c7e19fdce0c5917069a7846a09bc58d1a38d0e4115ebf532b93939
references/shot-syntax.md,90,references/shot-syntax.zh-CN.md,154,ff28febaff1a1d8c559dfba48b371c6022ef2f3ca6a710536873b5dcf837e174,e56a1d41a8b90744e540e09816b7dabd9f2b14153658f4beb5a8fc061c48a9b8
references/shot-syntax.md,91,references/shot-syntax.zh-CN.md,155,633df03d58415c927510ac75db08eaf4df1f9b4db00e946b8043913a9cca3482,3efca4a4808ac6520c315b630bc1f707e942a6bc7de5c56cd8005b4b68e7d0f4
references/shot-syntax.md,92,references/shot-syntax.zh-CN.md,156,373ad45b3decbce052abf1095e659c119ecbe8e9650f6e5bc878eefd40cf4a83,2178af44198e464266635491f470617a08b7108058d53aa69ff0bf41da28f5d3
references/shot-syntax.md,93,references/shot-syntax.zh-CN.md,157,fd8665b6fda7654375f9c1f29db3d3059cb7850f822403e7466ce1bead540c5c,30d831cb37e1b9628e44e20eea6da58147e9fe1dfc1f8961bc5a5bf58400cb90
references/shot-syntax.md,94,references/shot-syntax.zh-CN.md,158,d07c4fda6e59238d20d0d79cecfea708540584d79f98117aabb5262ae1a77852,b078658d5c6262b195ee931b43ae5b4a92e47277c79c7ee6f3783665d22dccea
references/shot-syntax.md,95,references/shot-syntax.zh-CN.md,159,b23c32163d18c533e699a24dc33ccf9e63f60d18a53395e4a2172ce9b8bd9816,039e9467065503929b81ffdf1dd5f56ef72b825f0f057af4d097103844b27748
references/shot-syntax.md,96,references/shot-syntax.zh-CN.md,160,b26aa986712b3802cc3575c531a304600b13878727fbffb407f17853a267242c,9786bd984ccb158035404aa6d20e8c63d216a4b4ef96724a50344fb9aaa8cbaa
references/shot-syntax.md,97,references/shot-syntax.zh-CN.md,161,e3b0c44298fc1c149afbf4c8996fb92427ae41e4649b934ca495991b7852b855,e3b0c44298fc1c149afbf4c8996fb92427ae41e4649b934ca495991b7852b855
references/shot-syntax.md,98,references/shot-syntax.zh-CN.md,162,0a2358c3dd2eec743f0c3fde27dc41a2723e64f24b5edce6a58fbafcdd5c8202,f01ac96dbea96427ab399f5478797447e1c8b3c60ced5ce612fff45ae8297277
references/shot-syntax.md,99,references/shot-syntax.zh-CN.md,163,e3b0c44298fc1c149afbf4c8996fb92427ae41e4649b934ca495991b7852b855,e3b0c44298fc1c149afbf4c8996fb92427ae41e4649b934ca495991b7852b855
references/shot-syntax.md,100,references/shot-syntax.zh-CN.md,164,11bfbce3330e0413cedbf9b5325a2525eaf4060f45c263f838e434e6c53be429,9683640ab22c266d789aca9c922b9724d5ca75683591b54163327ccb8f724dea
references/shot-syntax.md,101,references/shot-syntax.zh-CN.md,165,e3b0c44298fc1c149afbf4c8996fb92427ae41e4649b934ca495991b7852b855,e3b0c44298fc1c149afbf4c8996fb92427ae41e4649b934ca495991b7852b855
references/shot-syntax.md,102,references/shot-syntax.zh-CN.md,166,273bf2e92dec80c6c56096b75b0fa3abea5043a7cced7a999299b67cbc6c6312,82b7c0472fe3f5e59bd1f91d1b767fbbed35c33e1dee57965c0153bdda62fc60
references/shot-syntax.md,103,references/shot-syntax.zh-CN.md,167,e3b0c44298fc1c149afbf4c8996fb92427ae41e4649b934ca495991b7852b855,e3b0c44298fc1c149afbf4c8996fb92427ae41e4649b934ca495991b7852b855
references/shot-syntax.md,104,references/shot-syntax.zh-CN.md,168,f1b901847390b0ed7e374e7c1e464ec17b46a427c487a5ad6cbd2906405083d5,f1b901847390b0ed7e374e7c1e464ec17b46a427c487a5ad6cbd2906405083d5
references/shot-syntax.md,105,references/shot-syntax.zh-CN.md,169,a5cb9ee35bce71d201070dcf5af9d235e35b8650a9446d3324b521275f8b52dc,1353ddb70a872c593b69ab5a615468b46051ffd00112621d5472883601ebb199
references/shot-syntax.md,106,references/shot-syntax.zh-CN.md,170,d531be9ee68d0284c8fb513842c97807266cd9853717952d883114a43dedaf21,91a718ffdf2c93e14d5434366b5a76741243082acdb8974a0c25fbcb325f0136
references/shot-syntax.md,107,references/shot-syntax.zh-CN.md,171,f1b901847390b0ed7e374e7c1e464ec17b46a427c487a5ad6cbd2906405083d5,f1b901847390b0ed7e374e7c1e464ec17b46a427c487a5ad6cbd2906405083d5
references/shot-syntax.md,108,references/shot-syntax.zh-CN.md,172,e3b0c44298fc1c149afbf4c8996fb92427ae41e4649b934ca495991b7852b855,e3b0c44298fc1c149afbf4c8996fb92427ae41e4649b934ca495991b7852b855
references/shot-syntax.md,109,references/shot-syntax.zh-CN.md,173,5d7ddc40803f3a27670147edd745300e0d01daca40f360794d9dd297f143cfa9,0557df301b829a57799ff189ca53862e44b1589ada458b06a608f98a0bcde4c4
references/shot-syntax.md,110,references/shot-syntax.zh-CN.md,174,e3b0c44298fc1c149afbf4c8996fb92427ae41e4649b934ca495991b7852b855,e3b0c44298fc1c149afbf4c8996fb92427ae41e4649b934ca495991b7852b855
references/shot-syntax.md,111,references/shot-syntax.zh-CN.md,175,dcdc86599aa024562fd44943a5f33d1961b324485b0b1451b9c9cd4987d4c257,ebb98e76260ae6cfa9b67b748886403f9f8e0272bebdbde8c38ef2140cefe53a
references/shot-syntax.md,112,references/shot-syntax.zh-CN.md,176,e3b0c44298fc1c149afbf4c8996fb92427ae41e4649b934ca495991b7852b855,e3b0c44298fc1c149afbf4c8996fb92427ae41e4649b934ca495991b7852b855
references/shot-syntax.md,113,references/shot-syntax.zh-CN.md,177,b901fa7dec4a2f2f6263b4f0025d32f04d4407a7bfb8c006c052986a06515948,bf627cb4c2e372a2859c26a2440f873cbdb1ae3dd46e653de0fc9fb34d3fd108
references/shot-syntax.md,114,references/shot-syntax.zh-CN.md,178,4199ba454d6d3ae83657120c2bb6bd674eefc0dd7d3cd4cc844171dc6725135b,4199ba454d6d3ae83657120c2bb6bd674eefc0dd7d3cd4cc844171dc6725135b
references/shot-syntax.md,115,references/shot-syntax.zh-CN.md,179,3181268f24b56cb51bc19b5b3f69a1baef8a1d993d984cc8c79f0e1cb859306b,a5eb8fa5c07333e37d2c8987f07a6ca2cfa14524952d61c4f864becc5ff173b3
references/shot-syntax.md,116,references/shot-syntax.zh-CN.md,180,571b40de34df64344f45f535b70e44798e4e0c836f8ca1d8dbfb0be53dbec6b9,0b9a2faa7c63186b6602c442784094e92bcf5d620abff39e88a48803090efffa
references/shot-syntax.md,117,references/shot-syntax.zh-CN.md,181,bbf05447258d2c9d749d9c3e19437bf5f60a76cc551f0c2b311e624adae4a2fd,d4f875c934e7d3ab66d170a6c59f5f555c6941e31d0373b3f69f84163961e4c6
references/shot-syntax.md,118,references/shot-syntax.zh-CN.md,182,9118669888e88bd6a120af5df38c7f101bd74871bead85a900be351187a53116,2d689351574b2a3648b58d72ec6ac0da6d0c736f05a9660f6595a929b02e46f2
references/shot-syntax.md,119,references/shot-syntax.zh-CN.md,183,e3b0c44298fc1c149afbf4c8996fb92427ae41e4649b934ca495991b7852b855,e3b0c44298fc1c149afbf4c8996fb92427ae41e4649b934ca495991b7852b855
references/shot-syntax.md,120,references/shot-syntax.zh-CN.md,184,2a7235f03d72a1ab0c2d398d9d7ae7f82f2795c3423ae182c2b709a2e1b6f759,ac18b20ad6505f5f4d19db828cfed5475680eedcbdde19a467d4051ec2192dea
references/shot-syntax.md,121,references/shot-syntax.zh-CN.md,185,e3b0c44298fc1c149afbf4c8996fb92427ae41e4649b934ca495991b7852b855,e3b0c44298fc1c149afbf4c8996fb92427ae41e4649b934ca495991b7852b855
references/shot-syntax.md,122,references/shot-syntax.zh-CN.md,186,d387d1caa3645bd0a2f3c0867bd89539552557ce332d8f117f00ab98a4b42530,43066873241d0a05d1057445031aa3ea0e8571c868d713ddd48621e8518a1794
references/shot-syntax.md,123,references/shot-syntax.zh-CN.md,187,e3b0c44298fc1c149afbf4c8996fb92427ae41e4649b934ca495991b7852b855,e3b0c44298fc1c149afbf4c8996fb92427ae41e4649b934ca495991b7852b855
references/shot-syntax.md,124,references/shot-syntax.zh-CN.md,188,4dddca68456d72dd25b0afa960ac005b3ae5297114b4eeb845f4492421756618,d9e3576a32aeeaceeeaadddfcf588dab0bf09ca9f9f1da013e5bbaf9bd22e6a9
references/shot-syntax.md,125,references/shot-syntax.zh-CN.md,189,e3b0c44298fc1c149afbf4c8996fb92427ae41e4649b934ca495991b7852b855,e3b0c44298fc1c149afbf4c8996fb92427ae41e4649b934ca495991b7852b855
references/shot-syntax.md,126,references/shot-syntax.zh-CN.md,190,f1b901847390b0ed7e374e7c1e464ec17b46a427c487a5ad6cbd2906405083d5,f1b901847390b0ed7e374e7c1e464ec17b46a427c487a5ad6cbd2906405083d5
references/shot-syntax.md,127,references/shot-syntax.zh-CN.md,191,6b6501d7c883627321c325dfc2fb791e95308f5f1078c71680f4469a4ebb34c8,10622edcecc2724ac4a45516dd18375056348a8a6731dbfaf366d2c28b53afae
references/shot-syntax.md,128,references/shot-syntax.zh-CN.md,192,f1b901847390b0ed7e374e7c1e464ec17b46a427c487a5ad6cbd2906405083d5,f1b901847390b0ed7e374e7c1e464ec17b46a427c487a5ad6cbd2906405083d5
references/shot-syntax.md,129,references/shot-syntax.zh-CN.md,193,e3b0c44298fc1c149afbf4c8996fb92427ae41e4649b934ca495991b7852b855,e3b0c44298fc1c149afbf4c8996fb92427ae41e4649b934ca495991b7852b855
references/shot-syntax.md,130,references/shot-syntax.zh-CN.md,194,d67c8c73ea629a0da7fa8c260a873d7282c6a53f425be342dd2f6e3a1fdda2d5,c9c41bfd3da4b82bd2f45f91cc7bb7ffb83722a5b61b0d1e0c64d66e23a4f161
